Workbook

Sheet ÁREAS E IMÁGENES
F1: MEMORIA DE ÁREAS
N2: FECHA | O2: =+'1. EQ. BASE'!$H$7 -> 0
N3: COTIZACIÓN | O3: XXXXXX
N4: PROYECTO | O4: =+'1. EQ. BASE'!$C$7 -> 0
N5: CLIENTE | O5: =+'1. EQ. BASE'!$C$6 -> 0
N6: PROYECTISTA | O6: =+'1. EQ. BASE'!$H$6 -> 0
V7: CÓDIGO
C9: EQUIPO INDEPENDIENTE | N9: SOLO AREA COMERCIAL
C10: =+'1. EQ. BASE'!$C$8 -> 1. EQ. BASE | D10: =+'2. EQ. ADIC. "A"'!$C$8 -> 2. EQ. ADIC. "A" | E10: =+'3. EQ. ADIC. "B"'!$C$8 -> 3. EQ. ADIC. "B" | F10: =+'4. EQ. ADIC. "C"'!$C$8 -> 4. EQ. ADIC. "C" | G10: =+'5. EQ. ADIC. "D"'!$C$8 -> 5. EQ. ADIC. "D" | H10: =+'6. EQ. ADIC. "E"'!$C$8 -> 6. EQ. ADIC. "E" | I10: =+'7. EQ. ADIC. "F"'!$C$8 -> 7. EQ. ADIC. "F" | J10: =+'8. EQ. ADIC. "G"'!C8 -> 8. EQ. ADIC. "G" | K10: =+'9. EQ. ADIC. "H"'!$C$8 -> 9. EQ. ADIC. "H" | L10: =+'10. EQ. ADIC. "I"'!$C$8 -> 10. EQ. ADIC. "I" | M10: TOTAL | N10: % | O10: AREA +%
B11: MUROS | C11: =+'1. EQ. BASE'!$O$9 -> 0 | D11: =+'2. EQ. ADIC. "A"'!$O$9 -> 0 | E11: =+'3. EQ. ADIC. "B"'!$O$9 -> 0 | F11: =+'4. EQ. ADIC. "C"'!$O$9 -> 0 | G11: =+'5. EQ. ADIC. "D"'!$O$9 -> 0 | H11: =+'6. EQ. ADIC. "E"'!$O$9 -> 0 | I11: =+'7. EQ. ADIC. "F"'!$O$9 -> 0 | J11: =+'8. EQ. ADIC. "G"'!$O$9 -> 0 | K11: =+'9. EQ. ADIC. "H"'!$O$9 -> 0 | L11: =+'10. EQ. ADIC. "I"'!$O$9 -> 0 | M11: =SUM(C11:L11) -> 0 | O11: =+(M11*N11)+M11 -> 0
B12: LOSA | C12: =+'1. EQ. BASE'!$Q$9 -> 0 | D12: =+'2. EQ. ADIC. "A"'!$Q$9 -> 0 | E12: =+'3. EQ. ADIC. "B"'!$Q$9 -> 0 | F12: =+'4. EQ. ADIC. "C"'!$Q$9 -> 0 | G12: =+'5. EQ. ADIC. "D"'!$Q$9 -> 0 | H12: =+'6. EQ. ADIC. "E"'!$Q$9 -> 0 | I12: =+'7. EQ. ADIC. "F"'!$Q$9 -> 0 | J12: =+'8. EQ. ADIC. "G"'!$Q$9 -> 0 | K12: =+'9. EQ. ADIC. "H"'!$Q$9 -> 0 | L12: =+'10. EQ. ADIC. "I"'!$Q$9 -> 0 | M12: =SUM(C12:L12) -> 0 | O12: =+(M12*N12)+M12 -> 0
B13: UNION MURO LOSA | C13: =+'1. EQ. BASE'!$S$3 -> 0 | D13: =+'2. EQ. ADIC. "A"'!$S$3 -> 0 | E13: =+'3. EQ. ADIC. "B"'!$S$3 -> 0 | F13: =+'4. EQ. ADIC. "C"'!$S$3 -> 0 | G13: =+'5. EQ. ADIC. "D"'!$S$3 -> 0 | H13: =+'6. EQ. ADIC. "E"'!$S$3 -> 0 | I13: =+'7. EQ. ADIC. "F"'!$S$3 -> 0 | J13: =+'8. EQ. ADIC. "G"'!$S$3 -> 0 | K13: =+'9. EQ. ADIC. "H"'!$S$3 -> 0 | L13: =+'10. EQ. ADIC. "I"'!$S$3 -> 0 | M13: =SUM(C13:L13) -> 0 | O13: =+(M13*N13)+M13 -> 0
B14: CULATAS | C14: =+'1. EQ. BASE'!$U$9 -> 0 | D14: =+'2. EQ. ADIC. "A"'!$U$9 -> 0 | E14: =+'3. EQ. ADIC. "B"'!$U$9 -> 0 | F14: =+'4. EQ. ADIC. "C"'!$U$9 -> 0 | G14: =+'5. EQ. ADIC. "D"'!$U$9 -> 0 | H14: =+'6. EQ. ADIC. "E"'!$U$9 -> 0 | I14: =+'7. EQ. ADIC. "F"'!$U$9 -> 0 | J14: =+'8. EQ. ADIC. "G"'!$U$9 -> 0 | K14: =+'9. EQ. ADIC. "H"'!$U$9 -> 0 | L14: =+'10. EQ. ADIC. "I"'!$U$9 -> 0 | M14: =SUM(C14:L14) -> 0 | O14: =+(M14*N14)+M14 -> 0
C15: =SUM(C11:C14) -> 0 | D15: =SUM(D11:D14) -> 0 | E15: =SUM(E11:E14) -> 0 | F15: =SUM(F11:F14) -> 0 | G15: =SUM(G11:G14) -> 0 | H15: =SUM(H11:H14) -> 0 | I15: =SUM(I11:I14) -> 0 | J15: =SUM(J11:J14) -> 0 | ... L15: =SUM(L11:L14) -> 0 | M15: =SUM(C15:L15) -> 0 | O15: =SUM(O11:O14) -> 0
C31: IMAGEN MUROS | G31: IMAGEN LOSA | K31: IMAGEN CULATAS | O31: IMAGEN MODELO COMPLETO
C34: EQUIPO ADICIONAL | O34: SOLO AREA COMERCIAL
C35: PRETIL | E35: ESCALERA PL. BAJA | F35: ESCALERA 1ER NIVEL | G35: ESCALERA 2DO NIVEL | H35: ESCALERA ULTIMO NIVEL | I35: PUNTO FIJO PL. BAJA | J35: PUNTO FIJO 1ER NIVEL | K35: PUNTO FIJO 2DO NIVEL | L35: PUNTO FIJO ULTIMO NIVEL | M35: TINACO | N35: TOTAL | O35: % | P35: AREA +%
B36: MUROS | C36: =+'1. EQ. BASE'!$S$9 -> 0 | N36: =SUM(C36:M36) -> 0 | P36: =+(N36*O36)+N36 -> 0
B37: LOSA | N37: =SUM(C37:M37) -> 0 | P37: =+(N37*O37)+N37 -> 0
B38: UNION MURO LOSA | N38: =SUM(C38:M38) -> 0 | P38: =+(N38*O38)+N38 -> 0
B39: CULATAS | N39: =SUM(C39:M39) -> 0 | P39: =+(N39*O39)+N39 -> 0
B40: ESCALERA | N40: =SUM(C40:M40) -> 0 | P40: =+(N40*O40)+N40 -> 0
C41: =SUM(C36:C40) -> 0 | D41: =SUM(D36:D40) -> 0 | E41: =SUM(E36:E40) -> 0 | F41: =SUM(F36:F40) -> 0 | G41: =SUM(G36:G40) -> 0 | H41: =SUM(H36:H40) -> 0 | I41: =SUM(I36:I40) -> 0 | J41: =SUM(J36:J40) -> 0 | ... M41: =SUM(M36:M40) -> 0 | N41: =SUM(C41:M41) -> 0 | P41: =SUM(P36:P40) -> 0
B57: IMAGEN PRETIL | F57: IMAGEN ESCALERA | K57: IMAGEN PUNTO FIJO | P57: IMAGEN TINACO
B60: PERIMETRO ANDAMIAJE | K60: PERIMETRO ÁNGULO DE ARRASTRE
C62: DESCRIPCIÓN DEL ALCANCE | D62: PERÍMETRO COMPLETO | L62: DESCRIPCIÓN DEL ALCANCE | M62: PERÍMETRO COMPLETO
G72: PERIMETRO PARA ANDAMIAJE | O72: PERIMETRO PARA ANGULO DE ARRASTE

Sheet 1. EQ. BASE
D1: LISTA DE EMPAQUE PARA ÁREAS | H1: No. | N1: EQUIPO MUROS | P1: EQUIPO LOSA | R1: EQUIPO UNION MURO LOSA | T1: EQUIPO CULATAS
K2: AREA TOTAL | N2: ANGULOS PARA MUROS | O2: =+$B20 -> 0 | P2: ANGULOS PARA LOSA | Q2: =+$B31 -> 0 | R2: EQL | S2: =+$B283 -> 0 | T2: ESQUINEROS EQMT | U2: =+$B94 -> 0
K3: =+$O$9+$Q$9+$S$3+$U$9+$S$9 -> 0 | N3: ESQUINEROS DE MURO | O3: =+$B52 -> 0 | P3: ESQUINEROS DE MURO C/TAPA | Q3: =+$B73 -> 0 | R3: SUBTOTAL | S3: =SUM($S$2) -> 0 | T3: EQL CON PENDIENTE | U3: =+$B304 -> 0
N4: FORMALETAS DE MURO | O4: =+$B115 -> 0 | P4: FORMALETA DE LOSA, FLP (SON 3) | Q4: =+$B157 -> 0 | R4: PRETIL | T4: CULATAS | U4: =+$B325 -> 0
N5: TAPAS, TAPA PUNTAL (SON 3) | O5: =+$B136 -> 0 | P5: CAPS / BORDE DE LOSA | Q5: =+$B178 -> 0 | R5: CAPS PRETIL | S5: =+$B199 -> 0 | T5: CULATAS CUMBRERA | U5: =+$B346 -> 0
A6: CLIENTE: | F6: ELABORADO POR: | R6: CAPS PRETIL C/PENDIENTE | S6: =+$B220 -> 0 | T6: CULATÓN | U6: =+$B367 -> 0
A7: PROYECTO: | F7: FECHA: | R7: EQMP | S7: =+$B241 -> 0 | T7: CULATÓN CUMBRERA | U7: =+$B388 -> 0
A8: REFERENCIA: | C8: 1. EQ. BASE | R8: EQMP C/PENDIENTE | S8: =+$B242 -> 0
N9: SUBTOTAL | O9: =SUM($O$2:$O$5) -> 0 | P9: SUBTOTAL | Q9: =SUM($Q$2:$Q$5) -> 0 | R9: SUBTOTAL | S9: =SUM($S$5:$S$8) -> 0 | T9: SUBTOTAL | U9: =SUM($U$2:$U$7) -> 0
A11: ÁNGULOS PARA MUROS (AG) | I11: MUROS
A12: ITEM | B12: CAN. | C12: DESCRIPCION | D12: ANC1 | E12: ALT1 | F12: ALT2 | G12: ANC2 | H12: OBSERVACIONES
A13: 1 | K13: =((D13+G13)*E13)/10000 -> 0 | L13: =K13*B13 -> 0
A14: =+A13+1 -> 2 | K14: =((D14+G14)*E14)/10000 -> 0 | L14: =K14*B14 -> 0
A15: =+A14+1 -> 3 | K15: =((D15+G15)*E15)/10000 -> 0 | L15: =K15*B15 -> 0
A16: =+A15+1 -> 4 | K16: =((D16+G16)*E16)/10000 -> 0 | L16: =K16*B16 -> 0
A17: =+A16+1 -> 5 | K17: =((D17+G17)*E17)/10000 -> 0 | L17: =K17*B17 -> 0
B19: =SUM(B13:B18) -> 0 | C19: TOTAL ÁNGULOS PARA MUROS | L19: =SUM(L13:L18) -> 0
B20: =+$L19 -> 0 | C20: TOTAL M²
A22: ÁNGULOS PARA LOSA (AG) | I22: LOSA
A23: ITEM | B23: CAN. | C23: DESCRIPCION | D23: ANC1 | E23: ALT1 | F23: ALT2 | G23: ANC2 | H23: OBSERVACIONES
A24: 1 | K24: =((D24+G24)*E24)/10000 -> 0 | L24: =K24*B24 -> 0
A25: =+A24+1 -> 2 | K25: =((D25+G25)*E25)/10000 -> 0 | L25: =K25*B25 -> 0
A26: =+A25+1 -> 3 | K26: =((D26+G26)*E26)/10000 -> 0 | L26: =K26*B26 -> 0
A27: =+A26+1 -> 4 | K27: =((D27+G27)*E27)/10000 -> 0 | L27: =K27*B27 -> 0
A28: =+A27+1 -> 5 | K28: =((D28+G28)*E28)/10000 -> 0 | L28: =K28*B28 -> 0
B30: =SUM(B24:B29) -> 0 | C30: TOTAL ÁNGULOS PARA LOSA | L30: =SUM(L24:L29) -> 0
B31: =+$L30 -> 0 | C31: TOTAL M²
A33: ESQUINEROS DE MURO (EQM) | I33: MUROS
A34: ITEM | B34: CAN. | C34: DESCRIPCION | D34: ANC1 | E34: ALT1 | F34: ALT2 | G34: ANC2 | H34: OBSERVACIONES
A35: 1 | K35: =((D35+G35)*E35)/10000 -> 0 | L35: =K35*B35 -> 0
A36: =+A35+1 -> 2 | K36: =((D36+G36)*E36)/10000 -> 0 | L36: =K36*B36 -> 0
A37: =+A36+1 -> 3 | K37: =((D37+G37)*E37)/10000 -> 0 | L37: =K37*B37 -> 0
A38: =+A37+1 -> 4 | K38: =((D38+G38)*E38)/10000 -> 0 | L38: =K38*B38 -> 0
A39: =+A38+1 -> 5 | K39: =((D39+G39)*E39)/10000 -> 0 | L39: =K39*B39 -> 0
A40: =+A39+1 -> 6 | K40: =((D40+G40)*E40)/10000 -> 0 | L40: =K40*B40 -> 0
A41: =+A40+1 -> 7 | K41: =((D41+G41)*E41)/10000 -> 0 | L41: =K41*B41 -> 0
A42: =+A41+1 -> 8 | K42: =((D42+G42)*E42)/10000 -> 0 | L42: =K42*B42 -> 0
A43: =+A42+1 -> 9 | K43: =((D43+G43)*E43)/10000 -> 0 | L43: =K43*B43 -> 0
A44: =+A43+1 -> 10 | K44: =((D44+G44)*E44)/10000 -> 0 | L44: =K44*B44 -> 0
A45: =+A44+1 -> 11 | K45: =((D45+G45)*E45)/10000 -> 0 | L45: =K45*B45 -> 0
A46: =+A45+1 -> 12 | K46: =((D46+G46)*E46)/10000 -> 0 | L46: =K46*B46 -> 0
A47: =+A46+1 -> 13 | K47: =((D47+G47)*E47)/10000 -> 0 | L47: =K47*B47 -> 0
... A49: =+A48+1 -> 15 | K49: =((D49+G49)*E49)/10000 -> 0 | L49: =K49*B49 -> 0
B51: =SUM(B35:B50) -> 0 | C51: TOTAL ESQUINEROS DE MURO | L51: =SUM(L35:L50) -> 0
B52: =+$L51 -> 0 | C52: TOTAL M²
A54: ESQUINEROS DE MURO CON TAPA (EQMT/EQMT "L") | I54: LOSA
A55: ITEM | B55: CAN. | C55: DESCRIPCION | D55: ANC1 | E55: ALT1 | F55: ALT2 | G55: ANC2 | H55: OBSERVACIONES
A56: 1 | K56: =((D56+G56)*E56)/10000 -> 0 | L56: =K56*B56 -> 0
A57: =+A56+1 -> 2 | K57: =((D57+G57)*E57)/10000 -> 0 | L57: =K57*B57 -> 0
A58: =+A57+1 -> 3 | K58: =((D58+G58)*E58)/10000 -> 0 | L58: =K58*B58 -> 0
A59: =+A58+1 -> 4 | K59: =((D59+G59)*E59)/10000 -> 0 | L59: =K59*B59 -> 0
A60: =+A59+1 -> 5 | K60: =((D60+G60)*E60)/10000 -> 0 | L60: =K60*B60 -> 0
A61: =+A60+1 -> 6 | K61: =((D61+G61)*E61)/10000 -> 0 | L61: =K61*B61 -> 0
A62: =+A61+1 -> 7 | K62: =((D62+G62)*E62)/10000 -> 0 | L62: =K62*B62 -> 0
A63: =+A62+1 -> 8 | K63: =((D63+G63)*E63)/10000 -> 0 | L63: =K63*B63 -> 0
A64: =+A63+1 -> 9 | K64: =((D64+G64)*E64)/10000 -> 0 | L64: =K64*B64 -> 0
A65: =+A64+1 -> 10 | K65: =((D65+G65)*E65)/10000 -> 0 | L65: =K65*B65 -> 0
A66: =+A65+1 -> 11 | K66: =((D66+G66)*E66)/10000 -> 0 | L66: =K66*B66 -> 0
A67: =+A66+1 -> 12 | K67: =((D67+G67)*E67)/10000 -> 0 | L67: =K67*B67 -> 0
A68: =+A67+1 -> 13 | K68: =((D68+G68)*E68)/10000 -> 0 | L68: =K68*B68 -> 0
... A70: =+A69+1 -> 15 | K70: =((D70+G70)*E70)/10000 -> 0 | L70: =K70*B70 -> 0
B72: =SUM(B56:B71) -> 0 | C72: TOTAL ESQUINEROS MURO C/TAPA | L72: =SUM(L56:L71) -> 0
B73: =+$L72 -> 0 | C73: TOTAL M²
A75: ESQUINEROS DE MURO CON TAPA Y PENDIENTE (EQMT) | I75: CULATAS
A76: ITEM | B76: CAN. | C76: DESCRIPCION | D76: ANC1 | E76: ALT1 | F76: ALT2 | G76: ANC2 | H76: OBSERVACIONES
A77: 1 | K77: =((D77+G77)*((E77+F77)/2))/10000 -> 0 | L77: =K77*B77 -> 0
A78: =+A77+1 -> 2 | K78: =((D78+G78)*((E78+F78)/2))/10000 -> 0 | L78: =K78*B78 -> 0
A79: =+A78+1 -> 3 | K79: =((D79+G79)*((E79+F79)/2))/10000 -> 0 | L79: =K79*B79 -> 0
A80: =+A79+1 -> 4 | K80: =((D80+G80)*((E80+F80)/2))/10000 -> 0 | L80: =K80*B80 -> 0
A81: =+A80+1 -> 5 | K81: =((D81+G81)*((E81+F81)/2))/10000 -> 0 | L81: =K81*B81 -> 0
A82: =+A81+1 -> 6 | K82: =((D82+G82)*((E82+F82)/2))/10000 -> 0 | L82: =K82*B82 -> 0
A83: =+A82+1 -> 7 | K83: =((D83+G83)*((E83+F83)/2))/10000 -> 0 | L83: =K83*B83 -> 0
A84: =+A83+1 -> 8 | K84: =((D84+G84)*((E84+F84)/2))/10000 -> 0 | L84: =K84*B84 -> 0
A85: =+A84+1 -> 9 | K85: =((D85+G85)*((E85+F85)/2))/10000 -> 0 | L85: =K85*B85 -> 0
A86: =+A85+1 -> 10 | K86: =((D86+G86)*((E86+F86)/2))/10000 -> 0 | L86: =K86*B86 -> 0
A87: =+A86+1 -> 11 | K87: =((D87+G87)*((E87+F87)/2))/10000 -> 0 | L87: =K87*B87 -> 0
A88: =+A87+1 -> 12 | K88: =((D88+G88)*((E88+F88)/2))/10000 -> 0 | L88: =K88*B88 -> 0
A89: =+A88+1 -> 13 | K89: =((D89+G89)*((E89+F89)/2))/10000 -> 0 | L89: =K89*B89 -> 0
... A91: =+A90+1 -> 15 | K91: =((D91+G91)*((E91+F91)/2))/10000 -> 0 | L91: =K91*B91 -> 0
B93: =SUM(B77:B92) -> 0 | C93: TOTAL ESQ. DE MURO C/TAPA PENDIENTE | L93: =SUM(L77:L92) -> 0
B94: =+$L93 -> 0 | C94: TOTAL M²
A96: FORMALETAS DE MURO (FM/FMD/FME) | I96: MUROS
A97: ITEM | B97: CAN. | C97: DESCRIPCION | D97: ANC1 | E97: ALT1 | F97: ALT2 | G97: ANC2 | H97: OBSERVACIONES
A98: 1 | K98: =((D98*E98)/10000) -> 0 | L98: =K98*B98 -> 0
A99: =+A98+1 -> 2 | K99: =((D99*E99)/10000) -> 0 | L99: =K99*B99 -> 0
A100: =+A99+1 -> 3 | K100: =((D100*E100)/10000) -> 0 | L100: =K100*B100 -> 0
A101: =+A100+1 -> 4 | K101: =((D101*E101)/10000) -> 0 | L101: =K101*B101 -> 0
A102: =+A101+1 -> 5 | K102: =((D102*E102)/10000) -> 0 | L102: =K102*B102 -> 0
A103: =+A102+1 -> 6 | K103: =((D103*E103)/10000) -> 0 | L103: =K103*B103 -> 0
A104: =+A103+1 -> 7 | K104: =((D104*E104)/10000) -> 0 | L104: =K104*B104 -> 0
A105: =+A104+1 -> 8 | K105: =((D105*E105)/10000) -> 0 | L105: =K105*B105 -> 0
A106: =+A105+1 -> 9 | K106: =((D106*E106)/10000) -> 0 | L106: =K106*B106 -> 0
A107: =+A106+1 -> 10 | K107: =((D107*E107)/10000) -> 0 | L107: =K107*B107 -> 0
A108: =+A107+1 -> 11 | K108: =((D108*E108)/10000) -> 0 | L108: =K108*B108 -> 0
A109: =+A108+1 -> 12 | K109: =((D109*E109)/10000) -> 0 | L109: =K109*B109 -> 0
A110: =+A109+1 -> 13 | K110: =((D110*E110)/10000) -> 0 | L110: =K110*B110 -> 0
... A112: =+A111+1 -> 15 | K112: =((D112*E112)/10000) -> 0 | L112: =K112*B112 -> 0
B114: =SUM(B98:B113) -> 0 | C114: TOTAL FORMALETAS DE MURO | L114: =SUM(L98:L113) -> 0
B115: =+$L114 -> 0 | C115: TOTAL M²
A117: TAPAS (TMV/TMH/TMP) | I117: MUROS
...

Sheet 2. EQ. ADIC. "A"
D1: LISTA DE EMPAQUE PARA ÁREAS | H1: No. | N1: EQUIPO MUROS | P1: EQUIPO LOSA | R1: EQUIPO UNION MURO LOSA | T1: EQUIPO CULATAS
K2: AREA TOTAL | N2: ANGULOS PARA MUROS | O2: =+$B20 -> 0 | P2: ANGULOS PARA LOSA | Q2: =+$B31 -> 0 | R2: EQL | S2: =+$B283 -> 0 | T2: ESQUINEROS EQMT | U2: =+$B94 -> 0
K3: =+$O$9+$Q$9+$S$3+$U$9+$S$9 -> 0 | N3: ESQUINEROS DE MURO | O3: =+$B52 -> 0 | P3: ESQUINEROS DE MURO C/TAPA | Q3: =+$B73 -> 0 | R3: SUBTOTAL | S3: =SUM($S$2) -> 0 | T3: EQL CON PENDIENTE | U3: =+$B304 -> 0
N4: FORMALETAS DE MURO | O4: =+$B115 -> 0 | P4: FORMALETA DE LOSA, FLP (SON 3) | Q4: =+$B157 -> 0 | R4: PRETIL | T4: CULATAS | U4: =+$B325 -> 0
N5: TAPAS, TAPA PUNTAL (SON 3) | O5: =+$B136 -> 0 | P5: CAPS / BORDE DE LOSA | Q5: =+$B178 -> 0 | R5: CAPS PRETIL | S5: =+$B199 -> 0 | T5: CULATAS CUMBRERA | U5: =+$B346 -> 0
A6: CLIENTE: | F6: ELABORADO POR: | R6: CAPS PRETIL C/PENDIENTE | S6: =+$B220 -> 0 | T6: CULATÓN | U6: =+$B367 -> 0
A7: PROYECTO: | F7: FECHA: | R7: EQMP | S7: =+$B241 -> 0 | T7: CULATÓN CUMBRERA | U7: =+$B388 -> 0
A8: REFERENCIA: | C8: 2. EQ. ADIC. "A" | R8: EQMP C/PENDIENTE | S8: =+$B242 -> 0
N9: SUBTOTAL | O9: =SUM($O$2:$O$5) -> 0 | P9: SUBTOTAL | Q9: =SUM($Q$2:$Q$5) -> 0 | R9: SUBTOTAL | S9: =SUM($S$5:$S$8) -> 0 | T9: SUBTOTAL | U9: =SUM($U$2:$U$7) -> 0
A11: ÁNGULOS PARA MUROS (AG) | I11: MUROS
A12: ITEM | B12: CAN. | C12: DESCRIPCION | D12: ANC1 | E12: ALT1 | F12: ALT2 | G12: ANC2 | H12: OBSERVACIONES
A13: 1 | K13: =((D13+G13)*E13)/10000 -> 0 | L13: =K13*B13 -> 0
A14: =+A13+1 -> 2 | K14: =((D14+G14)*E14)/10000 -> 0 | L14: =K14*B14 -> 0
A15: =+A14+1 -> 3 | K15: =((D15+G15)*E15)/10000 -> 0 | L15: =K15*B15 -> 0
A16: =+A15+1 -> 4 | K16: =((D16+G16)*E16)/10000 -> 0 | L16: =K16*B16 -> 0
A17: =+A16+1 -> 5 | K17: =((D17+G17)*E17)/10000 -> 0 | L17: =K17*B17 -> 0
B19: =SUM(B13:B18) -> 0 | C19: TOTAL ÁNGULOS PARA MUROS | L19: =SUM(L13:L18) -> 0
B20: =+$L19 -> 0 | C20: TOTAL M²
A22: ÁNGULOS PARA LOSA (AG) | I22: LOSA
A23: ITEM | B23: CAN. | C23: DESCRIPCION | D23: ANC1 | E23: ALT1 | F23: ALT2 | G23: ANC2 | H23: OBSERVACIONES
A24: 1 | K24: =((D24+G24)*E24)/10000 -> 0 | L24: =K24*B24 -> 0
A25: =+A24+1 -> 2 | K25: =((D25+G25)*E25)/10000 -> 0 | L25: =K25*B25 -> 0
A26: =+A25+1 -> 3 | K26: =((D26+G26)*E26)/10000 -> 0 | L26: =K26*B26 -> 0
A27: =+A26+1 -> 4 | K27: =((D27+G27)*E27)/10000 -> 0 | L27: =K27*B27 -> 0
A28: =+A27+1 -> 5 | K28: =((D28+G28)*E28)/10000 -> 0 | L28: =K28*B28 -> 0
B30: =SUM(B24:B29) -> 0 | C30: TOTAL ÁNGULOS PARA LOSA | L30: =SUM(L24:L29) -> 0
B31: =+$L30 -> 0 | C31: TOTAL M²
A33: ESQUINEROS DE MURO (EQM) | I33: MUROS
A34: ITEM | B34: CAN. | C34: DESCRIPCION | D34: ANC1 | E34: ALT1 | F34: ALT2 | G34: ANC2 | H34: OBSERVACIONES
A35: 1 | K35: =((D35+G35)*E35)/10000 -> 0 | L35: =K35*B35 -> 0
A36: =+A35+1 -> 2 | K36: =((D36+G36)*E36)/10000 -> 0 | L36: =K36*B36 -> 0
A37: =+A36+1 -> 3 | K37: =((D37+G37)*E37)/10000 -> 0 | L37: =K37*B37 -> 0
A38: =+A37+1 -> 4 | K38: =((D38+G38)*E38)/10000 -> 0 | L38: =K38*B38 -> 0
A39: =+A38+1 -> 5 | K39: =((D39+G39)*E39)/10000 -> 0 | L39: =K39*B39 -> 0
A40: =+A39+1 -> 6 | K40: =((D40+G40)*E40)/10000 -> 0 | L40: =K40*B40 -> 0
A41: =+A40+1 -> 7 | K41: =((D41+G41)*E41)/10000 -> 0 | L41: =K41*B41 -> 0
A42: =+A41+1 -> 8 | K42: =((D42+G42)*E42)/10000 -> 0 | L42: =K42*B42 -> 0
A43: =+A42+1 -> 9 | K43: =((D43+G43)*E43)/10000 -> 0 | L43: =K43*B43 -> 0
A44: =+A43+1 -> 10 | K44: =((D44+G44)*E44)/10000 -> 0 | L44: =K44*B44 -> 0
A45: =+A44+1 -> 11 | K45: =((D45+G45)*E45)/10000 -> 0 | L45: =K45*B45 -> 0
A46: =+A45+1 -> 12 | K46: =((D46+G46)*E46)/10000 -> 0 | L46: =K46*B46 -> 0
A47: =+A46+1 -> 13 | K47: =((D47+G47)*E47)/10000 -> 0 | L47: =K47*B47 -> 0
... A49: =+A48+1 -> 15 | K49: =((D49+G49)*E49)/10000 -> 0 | L49: =K49*B49 -> 0
B51: =SUM(B35:B50) -> 0 | C51: TOTAL ESQUINEROS DE MURO | L51: =SUM(L35:L50) -> 0
B52: =+$L51 -> 0 | C52: TOTAL M²
A54: ESQUINEROS DE MURO CON TAPA (EQMT/EQMT "L") | I54: LOSA
A55: ITEM | B55: CAN. | C55: DESCRIPCION | D55: ANC1 | E55: ALT1 | F55: ALT2 | G55: ANC2 | H55: OBSERVACIONES
A56: 1 | K56: =((D56+G56)*E56)/10000 -> 0 | L56: =K56*B56 -> 0
A57: =+A56+1 -> 2 | K57: =((D57+G57)*E57)/10000 -> 0 | L57: =K57*B57 -> 0
A58: =+A57+1 -> 3 | K58: =((D58+G58)*E58)/10000 -> 0 | L58: =K58*B58 -> 0
A59: =+A58+1 -> 4 | K59: =((D59+G59)*E59)/10000 -> 0 | L59: =K59*B59 -> 0
A60: =+A59+1 -> 5 | K60: =((D60+G60)*E60)/10000 -> 0 | L60: =K60*B60 -> 0
A61: =+A60+1 -> 6 | K61: =((D61+G61)*E61)/10000 -> 0 | L61: =K61*B61 -> 0
A62: =+A61+1 -> 7 | K62: =((D62+G62)*E62)/10000 -> 0 | L62: =K62*B62 -> 0
A63: =+A62+1 -> 8 | K63: =((D63+G63)*E63)/10000 -> 0 | L63: =K63*B63 -> 0
A64: =+A63+1 -> 9 | K64: =((D64+G64)*E64)/10000 -> 0 | L64: =K64*B64 -> 0
A65: =+A64+1 -> 10 | K65: =((D65+G65)*E65)/10000 -> 0 | L65: =K65*B65 -> 0
A66: =+A65+1 -> 11 | K66: =((D66+G66)*E66)/10000 -> 0 | L66: =K66*B66 -> 0
A67: =+A66+1 -> 12 | K67: =((D67+G67)*E67)/10000 -> 0 | L67: =K67*B67 -> 0
A68: =+A67+1 -> 13 | K68: =((D68+G68)*E68)/10000 -> 0 | L68: =K68*B68 -> 0
... A70: =+A69+1 -> 15 | K70: =((D70+G70)*E70)/10000 -> 0 | L70: =K70*B70 -> 0
B72: =SUM(B56:B71) -> 0 | C72: TOTAL ESQUINEROS MURO C/TAPA | L72: =SUM(L56:L71) -> 0
B73: =+$L72 -> 0 | C73: TOTAL M²
A75: ESQUINEROS DE MURO CON TAPA Y PENDIENTE (EQMT) | I75: CULATAS
A76: ITEM | B76: CAN. | C76: DESCRIPCION | D76: ANC1 | E76: ALT1 | F76: ALT2 | G76: ANC2 | H76: OBSERVACIONES
A77: 1 | K77: =((D77+G77)*((E77+F77)/2))/10000 -> 0 | L77: =K77*B77 -> 0
A78: =+A77+1 -> 2 | K78: =((D78+G78)*((E78+F78)/2))/10000 -> 0 | L78: =K78*B78 -> 0
A79: =+A78+1 -> 3 | K79: =((D79+G79)*((E79+F79)/2))/10000 -> 0 | L79: =K79*B79 -> 0
A80: =+A79+1 -> 4 | K80: =((D80+G80)*((E80+F80)/2))/10000 -> 0 | L80: =K80*B80 -> 0
A81: =+A80+1 -> 5 | K81: =((D81+G81)*((E81+F81)/2))/10000 -> 0 | L81: =K81*B81 -> 0
A82: =+A81+1 -> 6 | K82: =((D82+G82)*((E82+F82)/2))/10000 -> 0 | L82: =K82*B82 -> 0
A83: =+A82+1 -> 7 | K83: =((D83+G83)*((E83+F83)/2))/10000 -> 0 | L83: =K83*B83 -> 0
A84: =+A83+1 -> 8 | K84: =((D84+G84)*((E84+F84)/2))/10000 -> 0 | L84: =K84*B84 -> 0
A85: =+A84+1 -> 9 | K85: =((D85+G85)*((E85+F85)/2))/10000 -> 0 | L85: =K85*B85 -> 0
A86: =+A85+1 -> 10 | K86: =((D86+G86)*((E86+F86)/2))/10000 -> 0 | L86: =K86*B86 -> 0
A87: =+A86+1 -> 11 | K87: =((D87+G87)*((E87+F87)/2))/10000 -> 0 | L87: =K87*B87 -> 0
A88: =+A87+1 -> 12 | K88: =((D88+G88)*((E88+F88)/2))/10000 -> 0 | L88: =K88*B88 -> 0
A89: =+A88+1 -> 13 | K89: =((D89+G89)*((E89+F89)/2))/10000 -> 0 | L89: =K89*B89 -> 0
... A91: =+A90+1 -> 15 | K91: =((D91+G91)*((E91+F91)/2))/10000 -> 0 | L91: =K91*B91 -> 0
B93: =SUM(B77:B92) -> 0 | C93: TOTAL ESQ. DE MURO C/TAPA PENDIENTE | L93: =SUM(L77:L92) -> 0
B94: =+$L93 -> 0 | C94: TOTAL M²
A96: FORMALETAS DE MURO (FM/FMD/FME) | I96: MUROS
A97: ITEM | B97: CAN. | C97: DESCRIPCION | D97: ANC1 | E97: ALT1 | F97: ALT2 | G97: ANC2 | H97: OBSERVACIONES
A98: 1 | K98: =((D98*E98)/10000) -> 0 | L98: =K98*B98 -> 0
A99: =+A98+1 -> 2 | K99: =((D99*E99)/10000) -> 0 | L99: =K99*B99 -> 0
A100: =+A99+1 -> 3 | K100: =((D100*E100)/10000) -> 0 | L100: =K100*B100 -> 0
A101: =+A100+1 -> 4 | K101: =((D101*E101)/10000) -> 0 | L101: =K101*B101 -> 0
A102: =+A101+1 -> 5 | K102: =((D102*E102)/10000) -> 0 | L102: =K102*B102 -> 0
A103: =+A102+1 -> 6 | K103: =((D103*E103)/10000) -> 0 | L103: =K103*B103 -> 0
A104: =+A103+1 -> 7 | K104: =((D104*E104)/10000) -> 0 | L104: =K104*B104 -> 0
A105: =+A104+1 -> 8 | K105: =((D105*E105)/10000) -> 0 | L105: =K105*B105 -> 0
A106: =+A105+1 -> 9 | K106: =((D106*E106)/10000) -> 0 | L106: =K106*B106 -> 0
A107: =+A106+1 -> 10 | K107: =((D107*E107)/10000) -> 0 | L107: =K107*B107 -> 0
A108: =+A107+1 -> 11 | K108: =((D108*E108)/10000) -> 0 | L108: =K108*B108 -> 0
A109: =+A108+1 -> 12 | K109: =((D109*E109)/10000) -> 0 | L109: =K109*B109 -> 0
A110: =+A109+1 -> 13 | K110: =((D110*E110)/10000) -> 0 | L110: =K110*B110 -> 0
... A112: =+A111+1 -> 15 | K112: =((D112*E112)/10000) -> 0 | L112: =K112*B112 -> 0
B114: =SUM(B98:B113) -> 0 | C114: TOTAL FORMALETAS DE MURO | L114: =SUM(L98:L113) -> 0
B115: =+$L114 -> 0 | C115: TOTAL M²
A117: TAPAS (TMV/TMH/TMP) | I117: MUROS
...

Sheet 3. EQ. ADIC. "B"
D1: LISTA DE EMPAQUE PARA ÁREAS | H1: No. | N1: EQUIPO MUROS | P1: EQUIPO LOSA | R1: EQUIPO UNION MURO LOSA | T1: EQUIPO CULATAS
K2: AREA TOTAL | N2: ANGULOS PARA MUROS | O2: =+$B20 -> 0 | P2: ANGULOS PARA LOSA | Q2: =+$B31 -> 0 | R2: EQL | S2: =+$B283 -> 0 | T2: ESQUINEROS EQMT | U2: =+$B94 -> 0
K3: =+$O$9+$Q$9+$S$3+$U$9+$S$9 -> 0 | N3: ESQUINEROS DE MURO | O3: =+$B52 -> 0 | P3: ESQUINEROS DE MURO C/TAPA | Q3: =+$B73 -> 0 | R3: SUBTOTAL | S3: =SUM($S$2) -> 0 | T3: EQL CON PENDIENTE | U3: =+$B304 -> 0
N4: FORMALETAS DE MURO | O4: =+$B115 -> 0 | P4: FORMALETA DE LOSA, FLP (SON 3) | Q4: =+$B157 -> 0 | R4: PRETIL | T4: CULATAS | U4: =+$B325 -> 0
N5: TAPAS, TAPA PUNTAL (SON 3) | O5: =+$B136 -> 0 | P5: CAPS / BORDE DE LOSA | Q5: =+$B178 -> 0 | R5: CAPS PRETIL | S5: =+$B199 -> 0 | T5: CULATAS CUMBRERA | U5: =+$B346 -> 0
A6: CLIENTE: | F6: ELABORADO POR: | R6: CAPS PRETIL C/PENDIENTE | S6: =+$B220 -> 0 | T6: CULATÓN | U6: =+$B367 -> 0
A7: PROYECTO: | F7: FECHA: | R7: EQMP | S7: =+$B241 -> 0 | T7: CULATÓN CUMBRERA | U7: =+$B388 -> 0
A8: REFERENCIA: | C8: 3. EQ. ADIC. "B" | R8: EQMP C/PENDIENTE | S8: =+$B242 -> 0
N9: SUBTOTAL | O9: =SUM($O$2:$O$5) -> 0 | P9: SUBTOTAL | Q9: =SUM($Q$2:$Q$5) -> 0 | R9: SUBTOTAL | S9: =SUM($S$5:$S$8) -> 0 | T9: SUBTOTAL | U9: =SUM($U$2:$U$7) -> 0
A11: ÁNGULOS PARA MUROS (AG) | I11: MUROS
A12: ITEM | B12: CAN. | C12: DESCRIPCION | D12: ANC1 | E12: ALT1 | F12: ALT2 | G12: ANC2 | H12: OBSERVACIONES
A13: 1 | K13: =((D13+G13)*E13)/10000 -> 0 | L13: =K13*B13 -> 0
A14: =+A13+1 -> 2 | K14: =((D14+G14)*E14)/10000 -> 0 | L14: =K14*B14 -> 0
A15: =+A14+1 -> 3 | K15: =((D15+G15)*E15)/10000 -> 0 | L15: =K15*B15 -> 0
A16: =+A15+1 -> 4 | K16: =((D16+G16)*E16)/10000 -> 0 | L16: =K16*B16 -> 0
A17: =+A16+1 -> 5 | K17: =((D17+G17)*E17)/10000 -> 0 | L17: =K17*B17 -> 0
B19: =SUM(B13:B18) -> 0 | C19: TOTAL ÁNGULOS PARA MUROS | L19: =SUM(L13:L18) -> 0
B20: =+$L19 -> 0 | C20: TOTAL M²
A22: ÁNGULOS PARA LOSA (AG) | I22: LOSA
A23: ITEM | B23: CAN. | C23: DESCRIPCION | D23: ANC1 | E23: ALT1 | F23: ALT2 | G23: ANC2 | H23: OBSERVACIONES
A24: 1 | K24: =((D24+G24)*E24)/10000 -> 0 | L24: =K24*B24 -> 0
A25: =+A24+1 -> 2 | K25: =((D25+G25)*E25)/10000 -> 0 | L25: =K25*B25 -> 0
A26: =+A25+1 -> 3 | K26: =((D26+G26)*E26)/10000 -> 0 | L26: =K26*B26 -> 0
A27: =+A26+1 -> 4 | K27: =((D27+G27)*E27)/10000 -> 0 | L27: =K27*B27 -> 0
A28: =+A27+1 -> 5 | K28: =((D28+G28)*E28)/10000 -> 0 | L28: =K28*B28 -> 0
B30: =SUM(B24:B29) -> 0 | C30: TOTAL ÁNGULOS PARA LOSA | L30: =SUM(L24:L29) -> 0
B31: =+$L30 -> 0 | C31: TOTAL M²
A33: ESQUINEROS DE MURO (EQM) | I33: MUROS
A34: ITEM | B34: CAN. | C34: DESCRIPCION | D34: ANC1 | E34: ALT1 | F34: ALT2 | G34: ANC2 | H34: OBSERVACIONES
A35: 1 | K35: =((D35+G35)*E35)/10000 -> 0 | L35: =K35*B35 -> 0
A36: =+A35+1 -> 2 | K36: =((D36+G36)*E36)/10000 -> 0 | L36: =K36*B36 -> 0
A37: =+A36+1 -> 3 | K37: =((D37+G37)*E37)/10000 -> 0 | L37: =K37*B37 -> 0
A38: =+A37+1 -> 4 | K38: =((D38+G38)*E38)/10000 -> 0 | L38: =K38*B38 -> 0
A39: =+A38+1 -> 5 | K39: =((D39+G39)*E39)/10000 -> 0 | L39: =K39*B39 -> 0
A40: =+A39+1 -> 6 | K40: =((D40+G40)*E40)/10000 -> 0 | L40: =K40*B40 -> 0
A41: =+A40+1 -> 7 | K41: =((D41+G41)*E41)/10000 -> 0 | L41: =K41*B41 -> 0
A42: =+A41+1 -> 8 | K42: =((D42+G42)*E42)/10000 -> 0 | L42: =K42*B42 -> 0
A43: =+A42+1 -> 9 | K43: =((D43+G43)*E43)/10000 -> 0 | L43: =K43*B43 -> 0
A44: =+A43+1 -> 10 | K44: =((D44+G44)*E44)/10000 -> 0 | L44: =K44*B44 -> 0
A45: =+A44+1 -> 11 | K45: =((D45+G45)*E45)/10000 -> 0 | L45: =K45*B45 -> 0
A46: =+A45+1 -> 12 | K46: =((D46+G46)*E46)/10000 -> 0 | L46: =K46*B46 -> 0
A47: =+A46+1 -> 13 | K47: =((D47+G47)*E47)/10000 -> 0 | L47: =K47*B47 -> 0
... A49: =+A48+1 -> 15 | K49: =((D49+G49)*E49)/10000 -> 0 | L49: =K49*B49 -> 0
B51: =SUM(B35:B50) -> 0 | C51: TOTAL ESQUINEROS DE MURO | L51: =SUM(L35:L50) -> 0
B52: =+$L51 -> 0 | C52: TOTAL M²
A54: ESQUINEROS DE MURO CON TAPA (EQMT/EQMT "L") | I54: LOSA
A55: ITEM | B55: CAN. | C55: DESCRIPCION | D55: ANC1 | E55: ALT1 | F55: ALT2 | G55: ANC2 | H55: OBSERVACIONES
A56: 1 | K56: =((D56+G56)*E56)/10000 -> 0 | L56: =K56*B56 -> 0
A57: =+A56+1 -> 2 | K57: =((D57+G57)*E57)/10000 -> 0 | L57: =K57*B57 -> 0
A58: =+A57+1 -> 3 | K58: =((D58+G58)*E58)/10000 -> 0 | L58: =K58*B58 -> 0
A59: =+A58+1 -> 4 | K59: =((D59+G59)*E59)/10000 -> 0 | L59: =K59*B59 -> 0
A60: =+A59+1 -> 5 | K60: =((D60+G60)*E60)/10000 -> 0 | L60: =K60*B60 -> 0
A61: =+A60+1 -> 6 | K61: =((D61+G61)*E61)/10000 -> 0 | L61: =K61*B61 -> 0
A62: =+A61+1 -> 7 | K62: =((D62+G62)*E62)/10000 -> 0 | L62: =K62*B62 -> 0
A63: =+A62+1 -> 8 | K63: =((D63+G63)*E63)/10000 -> 0 | L63: =K63*B63 -> 0
A64: =+A63+1 -> 9 | K64: =((D64+G64)*E64)/10000 -> 0 | L64: =K64*B64 -> 0
A65: =+A64+1 -> 10 | K65: =((D65+G65)*E65)/10000 -> 0 | L65: =K65*B65 -> 0
A66: =+A65+1 -> 11 | K66: =((D66+G66)*E66)/10000 -> 0 | L66: =K66*B66 -> 0
A67: =+A66+1 -> 12 | K67: =((D67+G67)*E67)/10000 -> 0 | L67: =K67*B67 -> 0
A68: =+A67+1 -> 13 | K68: =((D68+G68)*E68)/10000 -> 0 | L68: =K68*B68 -> 0
... A70: =+A69+1 -> 15 | K70: =((D70+G70)*E70)/10000 -> 0 | L70: =K70*B70 -> 0
B72: =SUM(B56:B71) -> 0 | C72: TOTAL ESQUINEROS MURO C/TAPA | L72: =SUM(L56:L71) -> 0
B73: =+$L72 -> 0 | C73: TOTAL M²
A75: ESQUINEROS DE MURO CON TAPA Y PENDIENTE (EQMT) | I75: CULATAS
A76: ITEM | B76: CAN. | C76: DESCRIPCION | D76: ANC1 | E76: ALT1 | F76: ALT2 | G76: ANC2 | H76: OBSERVACIONES
A77: 1 | K77: =((D77+G77)*((E77+F77)/2))/10000 -> 0 | L77: =K77*B77 -> 0
A78: =+A77+1 -> 2 | K78: =((D78+G78)*((E78+F78)/2))/10000 -> 0 | L78: =K78*B78 -> 0
A79: =+A78+1 -> 3 | K79: =((D79+G79)*((E79+F79)/2))/10000 -> 0 | L79: =K79*B79 -> 0
A80: =+A79+1 -> 4 | K80: =((D80+G80)*((E80+F80)/2))/10000 -> 0 | L80: =K80*B80 -> 0
A81: =+A80+1 -> 5 | K81: =((D81+G81)*((E81+F81)/2))/10000 -> 0 | L81: =K81*B81 -> 0
A82: =+A81+1 -> 6 | K82: =((D82+G82)*((E82+F82)/2))/10000 -> 0 | L82: =K82*B82 -> 0
A83: =+A82+1 -> 7 | K83: =((D83+G83)*((E83+F83)/2))/10000 -> 0 | L83: =K83*B83 -> 0
A84: =+A83+1 -> 8 | K84: =((D84+G84)*((E84+F84)/2))/10000 -> 0 | L84: =K84*B84 -> 0
A85: =+A84+1 -> 9 | K85: =((D85+G85)*((E85+F85)/2))/10000 -> 0 | L85: =K85*B85 -> 0
A86: =+A85+1 -> 10 | K86: =((D86+G86)*((E86+F86)/2))/10000 -> 0 | L86: =K86*B86 -> 0
A87: =+A86+1 -> 11 | K87: =((D87+G87)*((E87+F87)/2))/10000 -> 0 | L87: =K87*B87 -> 0
A88: =+A87+1 -> 12 | K88: =((D88+G88)*((E88+F88)/2))/10000 -> 0 | L88: =K88*B88 -> 0
A89: =+A88+1 -> 13 | K89: =((D89+G89)*((E89+F89)/2))/10000 -> 0 | L89: =K89*B89 -> 0
... A91: =+A90+1 -> 15 | K91: =((D91+G91)*((E91+F91)/2))/10000 -> 0 | L91: =K91*B91 -> 0
B93: =SUM(B77:B92) -> 0 | C93: TOTAL ESQ. DE MURO C/TAPA PENDIENTE | L93: =SUM(L77:L92) -> 0
B94: =+$L93 -> 0 | C94: TOTAL M²
A96: FORMALETAS DE MURO (FM/FMD/FME) | I96: MUROS
A97: ITEM | B97: CAN. | C97: DESCRIPCION | D97: ANC1 | E97: ALT1 | F97: ALT2 | G97: ANC2 | H97: OBSERVACIONES
A98: 1 | K98: =((D98*E98)/10000) -> 0 | L98: =K98*B98 -> 0
A99: =+A98+1 -> 2 | K99: =((D99*E99)/10000) -> 0 | L99: =K99*B99 -> 0
A100: =+A99+1 -> 3 | K100: =((D100*E100)/10000) -> 0 | L100: =K100*B100 -> 0
A101: =+A100+1 -> 4 | K101: =((D101*E101)/10000) -> 0 | L101: =K101*B101 -> 0
A102: =+A101+1 -> 5 | K102: =((D102*E102)/10000) -> 0 | L102: =K102*B102 -> 0
A103: =+A102+1 -> 6 | K103: =((D103*E103)/10000) -> 0 | L103: =K103*B103 -> 0
A104: =+A103+1 -> 7 | K104: =((D104*E104)/10000) -> 0 | L104: =K104*B104 -> 0
A105: =+A104+1 -> 8 | K105: =((D105*E105)/10000) -> 0 | L105: =K105*B105 -> 0
A106: =+A105+1 -> 9 | K106: =((D106*E106)/10000) -> 0 | L106: =K106*B106 -> 0
A107: =+A106+1 -> 10 | K107: =((D107*E107)/10000) -> 0 | L107: =K107*B107 -> 0
A108: =+A107+1 -> 11 | K108: =((D108*E108)/10000) -> 0 | L108: =K108*B108 -> 0
A109: =+A108+1 -> 12 | K109: =((D109*E109)/10000) -> 0 | L109: =K109*B109 -> 0
A110: =+A109+1 -> 13 | K110: =((D110*E110)/10000) -> 0 | L110: =K110*B110 -> 0
... A112: =+A111+1 -> 15 | K112: =((D112*E112)/10000) -> 0 | L112: =K112*B112 -> 0
B114: =SUM(B98:B113) -> 0 | C114: TOTAL FORMALETAS DE MURO | L114: =SUM(L98:L113) -> 0
B115: =+$L114 -> 0 | C115: TOTAL M²
A117: TAPAS (TMV/TMH/TMP) | I117: MUROS
...

Sheet 4. EQ. ADIC. "C"
D1: LISTA DE EMPAQUE PARA ÁREAS | H1: No. | N1: EQUIPO MUROS | P1: EQUIPO LOSA | R1: EQUIPO UNION MURO LOSA | T1: EQUIPO CULATAS
K2: AREA TOTAL | N2: ANGULOS PARA MUROS | O2: =+$B20 -> 0 | P2: ANGULOS PARA LOSA | Q2: =+$B31 -> 0 | R2: EQL | S2: =+$B283 -> 0 | T2: ESQUINEROS EQMT | U2: =+$B94 -> 0
K3: =+$O$9+$Q$9+$S$3+$U$9+$S$9 -> 0 | N3: ESQUINEROS DE MURO | O3: =+$B52 -> 0 | P3: ESQUINEROS DE MURO C/TAPA | Q3: =+$B73 -> 0 | R3: SUBTOTAL | S3: =SUM($S$2) -> 0 | T3: EQL CON PENDIENTE | U3: =+$B304 -> 0
N4: FORMALETAS DE MURO | O4: =+$B115 -> 0 | P4: FORMALETA DE LOSA, FLP (SON 3) | Q4: =+$B157 -> 0 | R4: PRETIL | T4: CULATAS | U4: =+$B325 -> 0
N5: TAPAS, TAPA PUNTAL (SON 3) | O5: =+$B136 -> 0 | P5: CAPS / BORDE DE LOSA | Q5: =+$B178 -> 0 | R5: CAPS PRETIL | S5: =+$B199 -> 0 | T5: CULATAS CUMBRERA | U5: =+$B346 -> 0
A6: CLIENTE: | F6: ELABORADO POR: | R6: CAPS PRETIL C/PENDIENTE | S6: =+$B220 -> 0 | T6: CULATÓN | U6: =+$B367 -> 0
A7: PROYECTO: | F7: FECHA: | R7: EQMP | S7: =+$B241 -> 0 | T7: CULATÓN CUMBRERA | U7: =+$B388 -> 0
A8: REFERENCIA: | C8: 4. EQ. ADIC. "C" | R8: EQMP C/PENDIENTE | S8: =+$B242 -> 0
N9: SUBTOTAL | O9: =SUM($O$2:$O$5) -> 0 | P9: SUBTOTAL | Q9: =SUM($Q$2:$Q$5) -> 0 | R9: SUBTOTAL | S9: =SUM($S$5:$S$8) -> 0 | T9: SUBTOTAL | U9: =SUM($U$2:$U$7) -> 0
A11: ÁNGULOS PARA MUROS (AG) | I11: MUROS
A12: ITEM | B12: CAN. | C12: DESCRIPCION | D12: ANC1 | E12: ALT1 | F12: ALT2 | G12: ANC2 | H12: OBSERVACIONES
A13: 1 | K13: =((D13+G13)*E13)/10000 -> 0 | L13: =K13*B13 -> 0
A14: =+A13+1 -> 2 | K14: =((D14+G14)*E14)/10000 -> 0 | L14: =K14*B14 -> 0
A15: =+A14+1 -> 3 | K15: =((D15+G15)*E15)/10000 -> 0 | L15: =K15*B15 -> 0
A16: =+A15+1 -> 4 | K16: =((D16+G16)*E16)/10000 -> 0 | L16: =K16*B16 -> 0
A17: =+A16+1 -> 5 | K17: =((D17+G17)*E17)/10000 -> 0 | L17: =K17*B17 -> 0
B19: =SUM(B13:B18) -> 0 | C19: TOTAL ÁNGULOS PARA MUROS | L19: =SUM(L13:L18) -> 0
B20: =+$L19 -> 0 | C20: TOTAL M²
A22: ÁNGULOS PARA LOSA (AG) | I22: LOSA
A23: ITEM | B23: CAN. | C23: DESCRIPCION | D23: ANC1 | E23: ALT1 | F23: ALT2 | G23: ANC2 | H23: OBSERVACIONES
A24: 1 | K24: =((D24+G24)*E24)/10000 -> 0 | L24: =K24*B24 -> 0
A25: =+A24+1 -> 2 | K25: =((D25+G25)*E25)/10000 -> 0 | L25: =K25*B25 -> 0
A26: =+A25+1 -> 3 | K26: =((D26+G26)*E26)/10000 -> 0 | L26: =K26*B26 -> 0
A27: =+A26+1 -> 4 | K27: =((D27+G27)*E27)/10000 -> 0 | L27: =K27*B27 -> 0
A28: =+A27+1 -> 5 | K28: =((D28+G28)*E28)/10000 -> 0 | L28: =K28*B28 -> 0
B30: =SUM(B24:B29) -> 0 | C30: TOTAL ÁNGULOS PARA LOSA | L30: =SUM(L24:L29) -> 0
B31: =+$L30 -> 0 | C31: TOTAL M²
A33: ESQUINEROS DE MURO (EQM) | I33: MUROS
A34: ITEM | B34: CAN. | C34: DESCRIPCION | D34: ANC1 | E34: ALT1 | F34: ALT2 | G34: ANC2 | H34: OBSERVACIONES
A35: 1 | K35: =((D35+G35)*E35)/10000 -> 0 | L35: =K35*B35 -> 0
A36: =+A35+1 -> 2 | K36: =((D36+G36)*E36)/10000 -> 0 | L36: =K36*B36 -> 0
A37: =+A36+1 -> 3 | K37: =((D37+G37)*E37)/10000 -> 0 | L37: =K37*B37 -> 0
A38: =+A37+1 -> 4 | K38: =((D38+G38)*E38)/10000 -> 0 | L38: =K38*B38 -> 0
A39: =+A38+1 -> 5 | K39: =((D39+G39)*E39)/10000 -> 0 | L39: =K39*B39 -> 0
A40: =+A39+1 -> 6 | K40: =((D40+G40)*E40)/10000 -> 0 | L40: =K40*B40 -> 0
A41: =+A40+1 -> 7 | K41: =((D41+G41)*E41)/10000 -> 0 | L41: =K41*B41 -> 0
A42: =+A41+1 -> 8 | K42: =((D42+G42)*E42)/10000 -> 0 | L42: =K42*B42 -> 0
A43: =+A42+1 -> 9 | K43: =((D43+G43)*E43)/10000 -> 0 | L43: =K43*B43 -> 0
A44: =+A43+1 -> 10 | K44: =((D44+G44)*E44)/10000 -> 0 | L44: =K44*B44 -> 0
A45: =+A44+1 -> 11 | K45: =((D45+G45)*E45)/10000 -> 0 | L45: =K45*B45 -> 0
A46: =+A45+1 -> 12 | K46: =((D46+G46)*E46)/10000 -> 0 | L46: =K46*B46 -> 0
A47: =+A46+1 -> 13 | K47: =((D47+G47)*E47)/10000 -> 0 | L47: =K47*B47 -> 0
... A49: =+A48+1 -> 15 | K49: =((D49+G49)*E49)/10000 -> 0 | L49: =K49*B49 -> 0
B51: =SUM(B35:B50) -> 0 | C51: TOTAL ESQUINEROS DE MURO | L51: =SUM(L35:L50) -> 0
B52: =+$L51 -> 0 | C52: TOTAL M²
A54: ESQUINEROS DE MURO CON TAPA (EQMT/EQMT "L") | I54: LOSA
A55: ITEM | B55: CAN. | C55: DESCRIPCION | D55: ANC1 | E55: ALT1 | F55: ALT2 | G55: ANC2 | H55: OBSERVACIONES
A56: 1 | K56: =((D56+G56)*E56)/10000 -> 0 | L56: =K56*B56 -> 0
A57: =+A56+1 -> 2 | K57: =((D57+G57)*E57)/10000 -> 0 | L57: =K57*B57 -> 0
A58: =+A57+1 -> 3 | K58: =((D58+G58)*E58)/10000 -> 0 | L58: =K58*B58 -> 0
A59: =+A58+1 -> 4 | K59: =((D59+G59)*E59)/10000 -> 0 | L59: =K59*B59 -> 0
A60: =+A59+1 -> 5 | K60: =((D60+G60)*E60)/10000 -> 0 | L60: =K60*B60 -> 0
A61: =+A60+1 -> 6 | K61: =((D61+G61)*E61)/10000 -> 0 | L61: =K61*B61 -> 0
A62: =+A61+1 -> 7 | K62: =((D62+G62)*E62)/10000 -> 0 | L62: =K62*B62 -> 0
A63: =+A62+1 -> 8 | K63: =((D63+G63)*E63)/10000 -> 0 | L63: =K63*B63 -> 0
A64: =+A63+1 -> 9 | K64: =((D64+G64)*E64)/10000 -> 0 | L64: =K64*B64 -> 0
A65: =+A64+1 -> 10 | K65: =((D65+G65)*E65)/10000 -> 0 | L65: =K65*B65 -> 0
A66: =+A65+1 -> 11 | K66: =((D66+G66)*E66)/10000 -> 0 | L66: =K66*B66 -> 0
A67: =+A66+1 -> 12 | K67: =((D67+G67)*E67)/10000 -> 0 | L67: =K67*B67 -> 0
A68: =+A67+1 -> 13 | K68: =((D68+G68)*E68)/10000 -> 0 | L68: =K68*B68 -> 0
... A70: =+A69+1 -> 15 | K70: =((D70+G70)*E70)/10000 -> 0 | L70: =K70*B70 -> 0
B72: =SUM(B56:B71) -> 0 | C72: TOTAL ESQUINEROS MURO C/TAPA | L72: =SUM(L56:L71) -> 0
B73: =+$L72 -> 0 | C73: TOTAL M²
A75: ESQUINEROS DE MURO CON TAPA Y PENDIENTE (EQMT) | I75: CULATAS
A76: ITEM | B76: CAN. | C76: DESCRIPCION | D76: ANC1 | E76: ALT1 | F76: ALT2 | G76: ANC2 | H76: OBSERVACIONES
A77: 1 | K77: =((D77+G77)*((E77+F77)/2))/10000 -> 0 | L77: =K77*B77 -> 0
A78: =+A77+1 -> 2 | K78: =((D78+G78)*((E78+F78)/2))/10000 -> 0 | L78: =K78*B78 -> 0
A79: =+A78+1 -> 3 | K79: =((D79+G79)*((E79+F79)/2))/10000 -> 0 | L79: =K79*B79 -> 0
A80: =+A79+1 -> 4 | K80: =((D80+G80)*((E80+F80)/2))/10000 -> 0 | L80: =K80*B80 -> 0
A81: =+A80+1 -> 5 | K81: =((D81+G81)*((E81+F81)/2))/10000 -> 0 | L81: =K81*B81 -> 0
A82: =+A81+1 -> 6 | K82: =((D82+G82)*((E82+F82)/2))/10000 -> 0 | L82: =K82*B82 -> 0
A83: =+A82+1 -> 7 | K83: =((D83+G83)*((E83+F83)/2))/10000 -> 0 | L83: =K83*B83 -> 0
A84: =+A83+1 -> 8 | K84: =((D84+G84)*((E84+F84)/2))/10000 -> 0 | L84: =K84*B84 -> 0
A85: =+A84+1 -> 9 | K85: =((D85+G85)*((E85+F85)/2))/10000 -> 0 | L85: =K85*B85 -> 0
A86: =+A85+1 -> 10 | K86: =((D86+G86)*((E86+F86)/2))/10000 -> 0 | L86: =K86*B86 -> 0
A87: =+A86+1 -> 11 | K87: =((D87+G87)*((E87+F87)/2))/10000 -> 0 | L87: =K87*B87 -> 0
A88: =+A87+1 -> 12 | K88: =((D88+G88)*((E88+F88)/2))/10000 -> 0 | L88: =K88*B88 -> 0
A89: =+A88+1 -> 13 | K89: =((D89+G89)*((E89+F89)/2))/10000 -> 0 | L89: =K89*B89 -> 0
... A91: =+A90+1 -> 15 | K91: =((D91+G91)*((E91+F91)/2))/10000 -> 0 | L91: =K91*B91 -> 0
B93: =SUM(B77:B92) -> 0 | C93: TOTAL ESQ. DE MURO C/TAPA PENDIENTE | L93: =SUM(L77:L92) -> 0
B94: =+$L93 -> 0 | C94: TOTAL M²
A96: FORMALETAS DE MURO (FM/FMD/FME) | I96: MUROS
A97: ITEM | B97: CAN. | C97: DESCRIPCION | D97: ANC1 | E97: ALT1 | F97: ALT2 | G97: ANC2 | H97: OBSERVACIONES
A98: 1 | K98: =((D98*E98)/10000) -> 0 | L98: =K98*B98 -> 0
A99: =+A98+1 -> 2 | K99: =((D99*E99)/10000) -> 0 | L99: =K99*B99 -> 0
A100: =+A99+1 -> 3 | K100: =((D100*E100)/10000) -> 0 | L100: =K100*B100 -> 0
A101: =+A100+1 -> 4 | K101: =((D101*E101)/10000) -> 0 | L101: =K101*B101 -> 0
A102: =+A101+1 -> 5 | K102: =((D102*E102)/10000) -> 0 | L102: =K102*B102 -> 0
A103: =+A102+1 -> 6 | K103: =((D103*E103)/10000) -> 0 | L103: =K103*B103 -> 0
A104: =+A103+1 -> 7 | K104: =((D104*E104)/10000) -> 0 | L104: =K104*B104 -> 0
A105: =+A104+1 -> 8 | K105: =((D105*E105)/10000) -> 0 | L105: =K105*B105 -> 0
A106: =+A105+1 -> 9 | K106: =((D106*E106)/10000) -> 0 | L106: =K106*B106 -> 0
A107: =+A106+1 -> 10 | K107: =((D107*E107)/10000) -> 0 | L107: =K107*B107 -> 0
A108: =+A107+1 -> 11 | K108: =((D108*E108)/10000) -> 0 | L108: =K108*B108 -> 0
A109: =+A108+1 -> 12 | K109: =((D109*E109)/10000) -> 0 | L109: =K109*B109 -> 0
A110: =+A109+1 -> 13 | K110: =((D110*E110)/10000) -> 0 | L110: =K110*B110 -> 0
... A112: =+A111+1 -> 15 | K112: =((D112*E112)/10000) -> 0 | L112: =K112*B112 -> 0
B114: =SUM(B98:B113) -> 0 | C114: TOTAL FORMALETAS DE MURO | L114: =SUM(L98:L113) -> 0
B115: =+$L114 -> 0 | C115: TOTAL M²
A117: TAPAS (TMV/TMH/TMP) | I117: MUROS
...

Sheet 5. EQ. ADIC. "D"
D1: LISTA DE EMPAQUE PARA ÁREAS | H1: No. | N1: EQUIPO MUROS | P1: EQUIPO LOSA | R1: EQUIPO UNION MURO LOSA | T1: EQUIPO CULATAS
K2: AREA TOTAL | N2: ANGULOS PARA MUROS | O2: =+$B20 -> 0 | P2: ANGULOS PARA LOSA | Q2: =+$B31 -> 0 | R2: EQL | S2: =+$B283 -> 0 | T2: ESQUINEROS EQMT | U2: =+$B94 -> 0
K3: =+$O$9+$Q$9+$S$3+$U$9+$S$9 -> 0 | N3: ESQUINEROS DE MURO | O3: =+$B52 -> 0 | P3: ESQUINEROS DE MURO C/TAPA | Q3: =+$B73 -> 0 | R3: SUBTOTAL | S3: =SUM($S$2) -> 0 | T3: EQL CON PENDIENTE | U3: =+$B304 -> 0
N4: FORMALETAS DE MURO | O4: =+$B115 -> 0 | P4: FORMALETA DE LOSA, FLP (SON 3) | Q4: =+$B157 -> 0 | R4: PRETIL | T4: CULATAS | U4: =+$B325 -> 0
N5: TAPAS, TAPA PUNTAL (SON 3) | O5: =+$B136 -> 0 | P5: CAPS / BORDE DE LOSA | Q5: =+$B178 -> 0 | R5: CAPS PRETIL | S5: =+$B199 -> 0 | T5: CULATAS CUMBRERA | U5: =+$B346 -> 0
A6: CLIENTE: | F6: ELABORADO POR: | R6: CAPS PRETIL C/PENDIENTE | S6: =+$B220 -> 0 | T6: CULATÓN | U6: =+$B367 -> 0
A7: PROYECTO: | F7: FECHA: | R7: EQMP | S7: =+$B241 -> 0 | T7: CULATÓN CUMBRERA | U7: =+$B388 -> 0
A8: REFERENCIA: | C8: 5. EQ. ADIC. "D" | R8: EQMP C/PENDIENTE | S8: =+$B242 -> 0
N9: SUBTOTAL | O9: =SUM($O$2:$O$5) -> 0 | P9: SUBTOTAL | Q9: =SUM($Q$2:$Q$5) -> 0 | R9: SUBTOTAL | S9: =SUM($S$5:$S$8) -> 0 | T9: SUBTOTAL | U9: =SUM($U$2:$U$7) -> 0
A11: ÁNGULOS PARA MUROS (AG) | I11: MUROS
A12: ITEM | B12: CAN. | C12: DESCRIPCION | D12: ANC1 | E12: ALT1 | F12: ALT2 | G12: ANC2 | H12: OBSERVACIONES
A13: 1 | K13: =((D13+G13)*E13)/10000 -> 0 | L13: =K13*B13 -> 0
A14: =+A13+1 -> 2 | K14: =((D14+G14)*E14)/10000 -> 0 | L14: =K14*B14 -> 0
A15: =+A14+1 -> 3 | K15: =((D15+G15)*E15)/10000 -> 0 | L15: =K15*B15 -> 0
A16: =+A15+1 -> 4 | K16: =((D16+G16)*E16)/10000 -> 0 | L16: =K16*B16 -> 0
A17: =+A16+1 -> 5 | K17: =((D17+G17)*E17)/10000 -> 0 | L17: =K17*B17 -> 0
B19: =SUM(B13:B18) -> 0 | C19: TOTAL ÁNGULOS PARA MUROS | L19: =SUM(L13:L18) -> 0
B20: =+$L19 -> 0 | C20: TOTAL M²
A22: ÁNGULOS PARA LOSA (AG) | I22: LOSA
A23: ITEM | B23: CAN. | C23: DESCRIPCION | D23: ANC1 | E23: ALT1 | F23: ALT2 | G23: ANC2 | H23: OBSERVACIONES
A24: 1 | K24: =((D24+G24)*E24)/10000 -> 0 | L24: =K24*B24 -> 0
A25: =+A24+1 -> 2 | K25: =((D25+G25)*E25)/10000 -> 0 | L25: =K25*B25 -> 0
A26: =+A25+1 -> 3 | K26: =((D26+G26)*E26)/10000 -> 0 | L26: =K26*B26 -> 0
A27: =+A26+1 -> 4 | K27: =((D27+G27)*E27)/10000 -> 0 | L27: =K27*B27 -> 0
A28: =+A27+1 -> 5 | K28: =((D28+G28)*E28)/10000 -> 0 | L28: =K28*B28 -> 0
B30: =SUM(B24:B29) -> 0 | C30: TOTAL ÁNGULOS PARA LOSA | L30: =SUM(L24:L29) -> 0
B31: =+$L30 -> 0 | C31: TOTAL M²
A33: ESQUINEROS DE MURO (EQM) | I33: MUROS
A34: ITEM | B34: CAN. | C34: DESCRIPCION | D34: ANC1 | E34: ALT1 | F34: ALT2 | G34: ANC2 | H34: OBSERVACIONES
A35: 1 | K35: =((D35+G35)*E35)/10000 -> 0 | L35: =K35*B35 -> 0
A36: =+A35+1 -> 2 | K36: =((D36+G36)*E36)/10000 -> 0 | L36: =K36*B36 -> 0
A37: =+A36+1 -> 3 | K37: =((D37+G37)*E37)/10000 -> 0 | L37: =K37*B37 -> 0
A38: =+A37+1 -> 4 | K38: =((D38+G38)*E38)/10000 -> 0 | L38: =K38*B38 -> 0
A39: =+A38+1 -> 5 | K39: =((D39+G39)*E39)/10000 -> 0 | L39: =K39*B39 -> 0
A40: =+A39+1 -> 6 | K40: =((D40+G40)*E40)/10000 -> 0 | L40: =K40*B40 -> 0
A41: =+A40+1 -> 7 | K41: =((D41+G41)*E41)/10000 -> 0 | L41: =K41*B41 -> 0
A42: =+A41+1 -> 8 | K42: =((D42+G42)*E42)/10000 -> 0 | L42: =K42*B42 -> 0
A43: =+A42+1 -> 9 | K43: =((D43+G43)*E43)/10000 -> 0 | L43: =K43*B43 -> 0
A44: =+A43+1 -> 10 | K44: =((D44+G44)*E44)/10000 -> 0 | L44: =K44*B44 -> 0
A45: =+A44+1 -> 11 | K45: =((D45+G45)*E45)/10000 -> 0 | L45: =K45*B45 -> 0
A46: =+A45+1 -> 12 | K46: =((D46+G46)*E46)/10000 -> 0 | L46: =K46*B46 -> 0
A47: =+A46+1 -> 13 | K47: =((D47+G47)*E47)/10000 -> 0 | L47: =K47*B47 -> 0
... A49: =+A48+1 -> 15 | K49: =((D49+G49)*E49)/10000 -> 0 | L49: =K49*B49 -> 0
B51: =SUM(B35:B50) -> 0 | C51: TOTAL ESQUINEROS DE MURO | L51: =SUM(L35:L50) -> 0
B52: =+$L51 -> 0 | C52: TOTAL M²
A54: ESQUINEROS DE MURO CON TAPA (EQMT/EQMT "L") | I54: LOSA
A55: ITEM | B55: CAN. | C55: DESCRIPCION | D55: ANC1 | E55: ALT1 | F55: ALT2 | G55: ANC2 | H55: OBSERVACIONES
A56: 1 | K56: =((D56+G56)*E56)/10000 -> 0 | L56: =K56*B56 -> 0
A57: =+A56+1 -> 2 | K57: =((D57+G57)*E57)/10000 -> 0 | L57: =K57*B57 -> 0
A58: =+A57+1 -> 3 | K58: =((D58+G58)*E58)/10000 -> 0 | L58: =K58*B58 -> 0
A59: =+A58+1 -> 4 | K59: =((D59+G59)*E59)/10000 -> 0 | L59: =K59*B59 -> 0
A60: =+A59+1 -> 5 | K60: =((D60+G60)*E60)/10000 -> 0 | L60: =K60*B60 -> 0
A61: =+A60+1 -> 6 | K61: =((D61+G61)*E61)/10000 -> 0 | L61: =K61*B61 -> 0
A62: =+A61+1 -> 7 | K62: =((D62+G62)*E62)/10000 -> 0 | L62: =K62*B62 -> 0
A63: =+A62+1 -> 8 | K63: =((D63+G63)*E63)/10000 -> 0 | L63: =K63*B63 -> 0
A64: =+A63+1 -> 9 | K64: =((D64+G64)*E64)/10000 -> 0 | L64: =K64*B64 -> 0
A65: =+A64+1 -> 10 | K65: =((D65+G65)*E65)/10000 -> 0 | L65: =K65*B65 -> 0
A66: =+A65+1 -> 11 | K66: =((D66+G66)*E66)/10000 -> 0 | L66: =K66*B66 -> 0
A67: =+A66+1 -> 12 | K67: =((D67+G67)*E67)/10000 -> 0 | L67: =K67*B67 -> 0
A68: =+A67+1 -> 13 | K68: =((D68+G68)*E68)/10000 -> 0 | L68: =K68*B68 -> 0
... A70: =+A69+1 -> 15 | K70: =((D70+G70)*E70)/10000 -> 0 | L70: =K70*B70 -> 0
B72: =SUM(B56:B71) -> 0 | C72: TOTAL ESQUINEROS MURO C/TAPA | L72: =SUM(L56:L71) -> 0
B73: =+$L72 -> 0 | C73: TOTAL M²
A75: ESQUINEROS DE MURO CON TAPA Y PENDIENTE (EQMT) | I75: CULATAS
A76: ITEM | B76: CAN. | C76: DESCRIPCION | D76: ANC1 | E76: ALT1 | F76: ALT2 | G76: ANC2 | H76: OBSERVACIONES
A77: 1 | K77: =((D77+G77)*((E77+F77)/2))/10000 -> 0 | L77: =K77*B77 -> 0
A78: =+A77+1 -> 2 | K78: =((D78+G78)*((E78+F78)/2))/10000 -> 0 | L78: =K78*B78 -> 0
A79: =+A78+1 -> 3 | K79: =((D79+G79)*((E79+F79)/2))/10000 -> 0 | L79: =K79*B79 -> 0
A80: =+A79+1 -> 4 | K80: =((D80+G80)*((E80+F80)/2))/10000 -> 0 | L80: =K80*B80 -> 0
A81: =+A80+1 -> 5 | K81: =((D81+G81)*((E81+F81)/2))/10000 -> 0 | L81: =K81*B81 -> 0
A82: =+A81+1 -> 6 | K82: =((D82+G82)*((E82+F82)/2))/10000 -> 0 | L82: =K82*B82 -> 0
A83: =+A82+1 -> 7 | K83: =((D83+G83)*((E83+F83)/2))/10000 -> 0 | L83: =K83*B83 -> 0
A84: =+A83+1 -> 8 | K84: =((D84+G84)*((E84+F84)/2))/10000 -> 0 | L84: =K84*B84 -> 0
A85: =+A84+1 -> 9 | K85: =((D85+G85)*((E85+F85)/2))/10000 -> 0 | L85: =K85*B85 -> 0
A86: =+A85+1 -> 10 | K86: =((D86+G86)*((E86+F86)/2))/10000 -> 0 | L86: =K86*B86 -> 0
A87: =+A86+1 -> 11 | K87: =((D87+G87)*((E87+F87)/2))/10000 -> 0 | L87: =K87*B87 -> 0
A88: =+A87+1 -> 12 | K88: =((D88+G88)*((E88+F88)/2))/10000 -> 0 | L88: =K88*B88 -> 0
A89: =+A88+1 -> 13 | K89: =((D89+G89)*((E89+F89)/2))/10000 -> 0 | L89: =K89*B89 -> 0
... A91: =+A90+1 -> 15 | K91: =((D91+G91)*((E91+F91)/2))/10000 -> 0 | L91: =K91*B91 -> 0
B93: =SUM(B77:B92) -> 0 | C93: TOTAL ESQ. DE MURO C/TAPA PENDIENTE | L93: =SUM(L77:L92) -> 0
B94: =+$L93 -> 0 | C94: TOTAL M²
A96: FORMALETAS DE MURO (FM/FMD/FME) | I96: MUROS
A97: ITEM | B97: CAN. | C97: DESCRIPCION | D97: ANC1 | E97: ALT1 | F97: ALT2 | G97: ANC2 | H97: OBSERVACIONES
A98: 1 | K98: =((D98*E98)/10000) -> 0 | L98: =K98*B98 -> 0
A99: =+A98+1 -> 2 | K99: =((D99*E99)/10000) -> 0 | L99: =K99*B99 -> 0
A100: =+A99+1 -> 3 | K100: =((D100*E100)/10000) -> 0 | L100: =K100*B100 -> 0
A101: =+A100+1 -> 4 | K101: =((D101*E101)/10000) -> 0 | L101: =K101*B101 -> 0
A102: =+A101+1 -> 5 | K102: =((D102*E102)/10000) -> 0 | L102: =K102*B102 -> 0
A103: =+A102+1 -> 6 | K103: =((D103*E103)/10000) -> 0 | L103: =K103*B103 -> 0
A104: =+A103+1 -> 7 | K104: =((D104*E104)/10000) -> 0 | L104: =K104*B104 -> 0
A105: =+A104+1 -> 8 | K105: =((D105*E105)/10000) -> 0 | L105: =K105*B105 -> 0
A106: =+A105+1 -> 9 | K106: =((D106*E106)/10000) -> 0 | L106: =K106*B106 -> 0
A107: =+A106+1 -> 10 | K107: =((D107*E107)/10000) -> 0 | L107: =K107*B107 -> 0
A108: =+A107+1 -> 11 | K108: =((D108*E108)/10000) -> 0 | L108: =K108*B108 -> 0
A109: =+A108+1 -> 12 | K109: =((D109*E109)/10000) -> 0 | L109: =K109*B109 -> 0
A110: =+A109+1 -> 13 | K110: =((D110*E110)/10000) -> 0 | L110: =K110*B110 -> 0
... A112: =+A111+1 -> 15 | K112: =((D112*E112)/10000) -> 0 | L112: =K112*B112 -> 0
B114: =SUM(B98:B113) -> 0 | C114: TOTAL FORMALETAS DE MURO | L114: =SUM(L98:L113) -> 0
B115: =+$L114 -> 0 | C115: TOTAL M²
A117: TAPAS (TMV/TMH/TMP) | I117: MUROS
...

Sheet 6. EQ. ADIC. "E"
D1: LISTA DE EMPAQUE PARA ÁREAS | H1: No. | N1: EQUIPO MUROS | P1: EQUIPO LOSA | R1: EQUIPO UNION MURO LOSA | T1: EQUIPO CULATAS
K2: AREA TOTAL | N2: ANGULOS PARA MUROS | O2: =+$B20 -> 0 | P2: ANGULOS PARA LOSA | Q2: =+$B31 -> 0 | R2: EQL | S2: =+$B283 -> 0 | T2: ESQUINEROS EQMT | U2: =+$B94 -> 0
K3: =+$O$9+$Q$9+$S$3+$U$9+$S$9 -> 0 | N3: ESQUINEROS DE MURO | O3: =+$B52 -> 0 | P3: ESQUINEROS DE MURO C/TAPA | Q3: =+$B73 -> 0 | R3: SUBTOTAL | S3: =SUM($S$2) -> 0 | T3: EQL CON PENDIENTE | U3: =+$B304 -> 0
N4: FORMALETAS DE MURO | O4: =+$B115 -> 0 | P4: FORMALETA DE LOSA, FLP (SON 3) | Q4: =+$B157 -> 0 | R4: PRETIL | T4: CULATAS | U4: =+$B325 -> 0
N5: TAPAS, TAPA PUNTAL (SON 3) | O5: =+$B136 -> 0 | P5: CAPS / BORDE DE LOSA | Q5: =+$B178 -> 0 | R5: CAPS PRETIL | S5: =+$B199 -> 0 | T5: CULATAS CUMBRERA | U5: =+$B346 -> 0
A6: CLIENTE: | F6: ELABORADO POR: | R6: CAPS PRETIL C/PENDIENTE | S6: =+$B220 -> 0 | T6: CULATÓN | U6: =+$B367 -> 0
A7: PROYECTO: | F7: FECHA: | R7: EQMP | S7: =+$B241 -> 0 | T7: CULATÓN CUMBRERA | U7: =+$B388 -> 0
A8: REFERENCIA: | C8: 6. EQ. ADIC. "E" | R8: EQMP C/PENDIENTE | S8: =+$B242 -> 0
N9: SUBTOTAL | O9: =SUM($O$2:$O$5) -> 0 | P9: SUBTOTAL | Q9: =SUM($Q$2:$Q$5) -> 0 | R9: SUBTOTAL | S9: =SUM($S$5:$S$8) -> 0 | T9: SUBTOTAL | U9: =SUM($U$2:$U$7) -> 0
A11: ÁNGULOS PARA MUROS (AG) | I11: MUROS
A12: ITEM | B12: CAN. | C12: DESCRIPCION | D12: ANC1 | E12: ALT1 | F12: ALT2 | G12: ANC2 | H12: OBSERVACIONES
A13: 1 | K13: =((D13+G13)*E13)/10000 -> 0 | L13: =K13*B13 -> 0
A14: =+A13+1 -> 2 | K14: =((D14+G14)*E14)/10000 -> 0 | L14: =K14*B14 -> 0
A15: =+A14+1 -> 3 | K15: =((D15+G15)*E15)/10000 -> 0 | L15: =K15*B15 -> 0
A16: =+A15+1 -> 4 | K16: =((D16+G16)*E16)/10000 -> 0 | L16: =K16*B16 -> 0
A17: =+A16+1 -> 5 | K17: =((D17+G17)*E17)/10000 -> 0 | L17: =K17*B17 -> 0
B19: =SUM(B13:B18) -> 0 | C19: TOTAL ÁNGULOS PARA MUROS | L19: =SUM(L13:L18) -> 0
B20: =+$L19 -> 0 | C20: TOTAL M²
A22: ÁNGULOS PARA LOSA (AG) | I22: LOSA
A23: ITEM | B23: CAN. | C23: DESCRIPCION | D23: ANC1 | E23: ALT1 | F23: ALT2 | G23: ANC2 | H23: OBSERVACIONES
A24: 1 | K24: =((D24+G24)*E24)/10000 -> 0 | L24: =K24*B24 -> 0
A25: =+A24+1 -> 2 | K25: =((D25+G25)*E25)/10000 -> 0 | L25: =K25*B25 -> 0
A26: =+A25+1 -> 3 | K26: =((D26+G26)*E26)/10000 -> 0 | L26: =K26*B26 -> 0
A27: =+A26+1 -> 4 | K27: =((D27+G27)*E27)/10000 -> 0 | L27: =K27*B27 -> 0
A28: =+A27+1 -> 5 | K28: =((D28+G28)*E28)/10000 -> 0 | L28: =K28*B28 -> 0
B30: =SUM(B24:B29) -> 0 | C30: TOTAL ÁNGULOS PARA LOSA | L30: =SUM(L24:L29) -> 0
B31: =+$L30 -> 0 | C31: TOTAL M²
A33: ESQUINEROS DE MURO (EQM) | I33: MUROS
A34: ITEM | B34: CAN. | C34: DESCRIPCION | D34: ANC1 | E34: ALT1 | F34: ALT2 | G34: ANC2 | H34: OBSERVACIONES
A35: 1 | K35: =((D35+G35)*E35)/10000 -> 0 | L35: =K35*B35 -> 0
A36: =+A35+1 -> 2 | K36: =((D36+G36)*E36)/10000 -> 0 | L36: =K36*B36 -> 0
A37: =+A36+1 -> 3 | K37: =((D37+G37)*E37)/10000 -> 0 | L37: =K37*B37 -> 0
A38: =+A37+1 -> 4 | K38: =((D38+G38)*E38)/10000 -> 0 | L38: =K38*B38 -> 0
A39: =+A38+1 -> 5 | K39: =((D39+G39)*E39)/10000 -> 0 | L39: =K39*B39 -> 0
A40: =+A39+1 -> 6 | K40: =((D40+G40)*E40)/10000 -> 0 | L40: =K40*B40 -> 0
A41: =+A40+1 -> 7 | K41: =((D41+G41)*E41)/10000 -> 0 | L41: =K41*B41 -> 0
A42: =+A41+1 -> 8 | K42: =((D42+G42)*E42)/10000 -> 0 | L42: =K42*B42 -> 0
A43: =+A42+1 -> 9 | K43: =((D43+G43)*E43)/10000 -> 0 | L43: =K43*B43 -> 0
A44: =+A43+1 -> 10 | K44: =((D44+G44)*E44)/10000 -> 0 | L44: =K44*B44 -> 0
A45: =+A44+1 -> 11 | K45: =((D45+G45)*E45)/10000 -> 0 | L45: =K45*B45 -> 0
A46: =+A45+1 -> 12 | K46: =((D46+G46)*E46)/10000 -> 0 | L46: =K46*B46 -> 0
A47: =+A46+1 -> 13 | K47: =((D47+G47)*E47)/10000 -> 0 | L47: =K47*B47 -> 0
... A49: =+A48+1 -> 15 | K49: =((D49+G49)*E49)/10000 -> 0 | L49: =K49*B49 -> 0
B51: =SUM(B35:B50) -> 0 | C51: TOTAL ESQUINEROS DE MURO | L51: =SUM(L35:L50) -> 0
B52: =+$L51 -> 0 | C52: TOTAL M²
A54: ESQUINEROS DE MURO CON TAPA (EQMT/EQMT "L") | I54: LOSA
A55: ITEM | B55: CAN. | C55: DESCRIPCION | D55: ANC1 | E55: ALT1 | F55: ALT2 | G55: ANC2 | H55: OBSERVACIONES
A56: 1 | K56: =((D56+G56)*E56)/10000 -> 0 | L56: =K56*B56 -> 0
A57: =+A56+1 -> 2 | K57: =((D57+G57)*E57)/10000 -> 0 | L57: =K57*B57 -> 0
A58: =+A57+1 -> 3 | K58: =((D58+G58)*E58)/10000 -> 0 | L58: =K58*B58 -> 0
A59: =+A58+1 -> 4 | K59: =((D59+G59)*E59)/10000 -> 0 | L59: =K59*B59 -> 0
A60: =+A59+1 -> 5 | K60: =((D60+G60)*E60)/10000 -> 0 | L60: =K60*B60 -> 0
A61: =+A60+1 -> 6 | K61: =((D61+G61)*E61)/10000 -> 0 | L61: =K61*B61 -> 0
A62: =+A61+1 -> 7 | K62: =((D62+G62)*E62)/10000 -> 0 | L62: =K62*B62 -> 0
A63: =+A62+1 -> 8 | K63: =((D63+G63)*E63)/10000 -> 0 | L63: =K63*B63 -> 0
A64: =+A63+1 -> 9 | K64: =((D64+G64)*E64)/10000 -> 0 | L64: =K64*B64 -> 0
A65: =+A64+1 -> 10 | K65: =((D65+G65)*E65)/10000 -> 0 | L65: =K65*B65 -> 0
A66: =+A65+1 -> 11 | K66: =((D66+G66)*E66)/10000 -> 0 | L66: =K66*B66 -> 0
A67: =+A66+1 -> 12 | K67: =((D67+G67)*E67)/10000 -> 0 | L67: =K67*B67 -> 0
A68: =+A67+1 -> 13 | K68: =((D68+G68)*E68)/10000 -> 0 | L68: =K68*B68 -> 0
... A70: =+A69+1 -> 15 | K70: =((D70+G70)*E70)/10000 -> 0 | L70: =K70*B70 -> 0
B72: =SUM(B56:B71) -> 0 | C72: TOTAL ESQUINEROS MURO C/TAPA | L72: =SUM(L56:L71) -> 0
B73: =+$L72 -> 0 | C73: TOTAL M²
A75: ESQUINEROS DE MURO CON TAPA Y PENDIENTE (EQMT) | I75: CULATAS
A76: ITEM | B76: CAN. | C76: DESCRIPCION | D76: ANC1 | E76: ALT1 | F76: ALT2 | G76: ANC2 | H76: OBSERVACIONES
A77: 1 | K77: =((D77+G77)*((E77+F77)/2))/10000 -> 0 | L77: =K77*B77 -> 0
A78: =+A77+1 -> 2 | K78: =((D78+G78)*((E78+F78)/2))/10000 -> 0 | L78: =K78*B78 -> 0
A79: =+A78+1 -> 3 | K79: =((D79+G79)*((E79+F79)/2))/10000 -> 0 | L79: =K79*B79 -> 0
A80: =+A79+1 -> 4 | K80: =((D80+G80)*((E80+F80)/2))/10000 -> 0 | L80: =K80*B80 -> 0
A81: =+A80+1 -> 5 | K81: =((D81+G81)*((E81+F81)/2))/10000 -> 0 | L81: =K81*B81 -> 0
A82: =+A81+1 -> 6 | K82: =((D82+G82)*((E82+F82)/2))/10000 -> 0 | L82: =K82*B82 -> 0
A83: =+A82+1 -> 7 | K83: =((D83+G83)*((E83+F83)/2))/10000 -> 0 | L83: =K83*B83 -> 0
A84: =+A83+1 -> 8 | K84: =((D84+G84)*((E84+F84)/2))/10000 -> 0 | L84: =K84*B84 -> 0
A85: =+A84+1 -> 9 | K85: =((D85+G85)*((E85+F85)/2))/10000 -> 0 | L85: =K85*B85 -> 0
A86: =+A85+1 -> 10 | K86: =((D86+G86)*((E86+F86)/2))/10000 -> 0 | L86: =K86*B86 -> 0
A87: =+A86+1 -> 11 | K87: =((D87+G87)*((E87+F87)/2))/10000 -> 0 | L87: =K87*B87 -> 0
A88: =+A87+1 -> 12 | K88: =((D88+G88)*((E88+F88)/2))/10000 -> 0 | L88: =K88*B88 -> 0
A89: =+A88+1 -> 13 | K89: =((D89+G89)*((E89+F89)/2))/10000 -> 0 | L89: =K89*B89 -> 0
... A91: =+A90+1 -> 15 | K91: =((D91+G91)*((E91+F91)/2))/10000 -> 0 | L91: =K91*B91 -> 0
B93: =SUM(B77:B92) -> 0 | C93: TOTAL ESQ. DE MURO C/TAPA PENDIENTE | L93: =SUM(L77:L92) -> 0
B94: =+$L93 -> 0 | C94: TOTAL M²
A96: FORMALETAS DE MURO (FM/FMD/FME) | I96: MUROS
A97: ITEM | B97: CAN. | C97: DESCRIPCION | D97: ANC1 | E97: ALT1 | F97: ALT2 | G97: ANC2 | H97: OBSERVACIONES
A98: 1 | K98: =((D98*E98)/10000) -> 0 | L98: =K98*B98 -> 0
A99: =+A98+1 -> 2 | K99: =((D99*E99)/10000) -> 0 | L99: =K99*B99 -> 0
A100: =+A99+1 -> 3 | K100: =((D100*E100)/10000) -> 0 | L100: =K100*B100 -> 0
A101: =+A100+1 -> 4 | K101: =((D101*E101)/10000) -> 0 | L101: =K101*B101 -> 0
A102: =+A101+1 -> 5 | K102: =((D102*E102)/10000) -> 0 | L102: =K102*B102 -> 0
A103: =+A102+1 -> 6 | K103: =((D103*E103)/10000) -> 0 | L103: =K103*B103 -> 0
A104: =+A103+1 -> 7 | K104: =((D104*E104)/10000) -> 0 | L104: =K104*B104 -> 0
A105: =+A104+1 -> 8 | K105: =((D105*E105)/10000) -> 0 | L105: =K105*B105 -> 0
A106: =+A105+1 -> 9 | K106: =((D106*E106)/10000) -> 0 | L106: =K106*B106 -> 0
A107: =+A106+1 -> 10 | K107: =((D107*E107)/10000) -> 0 | L107: =K107*B107 -> 0
A108: =+A107+1 -> 11 | K108: =((D108*E108)/10000) -> 0 | L108: =K108*B108 -> 0
A109: =+A108+1 -> 12 | K109: =((D109*E109)/10000) -> 0 | L109: =K109*B109 -> 0
A110: =+A109+1 -> 13 | K110: =((D110*E110)/10000) -> 0 | L110: =K110*B110 -> 0
... A112: =+A111+1 -> 15 | K112: =((D112*E112)/10000) -> 0 | L112: =K112*B112 -> 0
B114: =SUM(B98:B113) -> 0 | C114: TOTAL FORMALETAS DE MURO | L114: =SUM(L98:L113) -> 0
B115: =+$L114 -> 0 | C115: TOTAL M²
A117: TAPAS (TMV/TMH/TMP) | I117: MUROS
...

Sheet 7. EQ. ADIC. "F"
D1: LISTA DE EMPAQUE PARA ÁREAS | H1: No. | N1: EQUIPO MUROS | P1: EQUIPO LOSA | R1: EQUIPO UNION MURO LOSA | T1: EQUIPO CULATAS
K2: AREA TOTAL | N2: ANGULOS PARA MUROS | O2: =+$B20 -> 0 | P2: ANGULOS PARA LOSA | Q2: =+$B31 -> 0 | R2: EQL | S2: =+$B283 -> 0 | T2: ESQUINEROS EQMT | U2: =+$B94 -> 0
K3: =+$O$9+$Q$9+$S$3+$U$9+$S$9 -> 0 | N3: ESQUINEROS DE MURO | O3: =+$B52 -> 0 | P3: ESQUINEROS DE MURO C/TAPA | Q3: =+$B73 -> 0 | R3: SUBTOTAL | S3: =SUM($S$2) -> 0 | T3: EQL CON PENDIENTE | U3: =+$B304 -> 0
N4: FORMALETAS DE MURO | O4: =+$B115 -> 0 | P4: FORMALETA DE LOSA, FLP (SON 3) | Q4: =+$B157 -> 0 | R4: PRETIL | T4: CULATAS | U4: =+$B325 -> 0
N5: TAPAS, TAPA PUNTAL (SON 3) | O5: =+$B136 -> 0 | P5: CAPS / BORDE DE LOSA | Q5: =+$B178 -> 0 | R5: CAPS PRETIL | S5: =+$B199 -> 0 | T5: CULATAS CUMBRERA | U5: =+$B346 -> 0
A6: CLIENTE: | F6: ELABORADO POR: | R6: CAPS PRETIL C/PENDIENTE | S6: =+$B220 -> 0 | T6: CULATÓN | U6: =+$B367 -> 0
A7: PROYECTO: | F7: FECHA: | R7: EQMP | S7: =+$B241 -> 0 | T7: CULATÓN CUMBRERA | U7: =+$B388 -> 0
A8: REFERENCIA: | C8: 7. EQ. ADIC. "F" | R8: EQMP C/PENDIENTE | S8: =+$B242 -> 0
N9: SUBTOTAL | O9: =SUM($O$2:$O$5) -> 0 | P9: SUBTOTAL | Q9: =SUM($Q$2:$Q$5) -> 0 | R9: SUBTOTAL | S9: =SUM($S$5:$S$8) -> 0 | T9: SUBTOTAL | U9: =SUM($U$2:$U$7) -> 0
A11: ÁNGULOS PARA MUROS (AG) | I11: MUROS
A12: ITEM | B12: CAN. | C12: DESCRIPCION | D12: ANC1 | E12: ALT1 | F12: ALT2 | G12: ANC2 | H12: OBSERVACIONES
A13: 1 | K13: =((D13+G13)*E13)/10000 -> 0 | L13: =K13*B13 -> 0
A14: =+A13+1 -> 2 | K14: =((D14+G14)*E14)/10000 -> 0 | L14: =K14*B14 -> 0
A15: =+A14+1 -> 3 | K15: =((D15+G15)*E15)/10000 -> 0 | L15: =K15*B15 -> 0
A16: =+A15+1 -> 4 | K16: =((D16+G16)*E16)/10000 -> 0 | L16: =K16*B16 -> 0
A17: =+A16+1 -> 5 | K17: =((D17+G17)*E17)/10000 -> 0 | L17: =K17*B17 -> 0
B19: =SUM(B13:B18) -> 0 | C19: TOTAL ÁNGULOS PARA MUROS | L19: =SUM(L13:L18) -> 0
B20: =+$L19 -> 0 | C20: TOTAL M²
A22: ÁNGULOS PARA LOSA (AG) | I22: LOSA
A23: ITEM | B23: CAN. | C23: DESCRIPCION | D23: ANC1 | E23: ALT1 | F23: ALT2 | G23: ANC2 | H23: OBSERVACIONES
A24: 1 | K24: =((D24+G24)*E24)/10000 -> 0 | L24: =K24*B24 -> 0
A25: =+A24+1 -> 2 | K25: =((D25+G25)*E25)/10000 -> 0 | L25: =K25*B25 -> 0
A26: =+A25+1 -> 3 | K26: =((D26+G26)*E26)/10000 -> 0 | L26: =K26*B26 -> 0
A27: =+A26+1 -> 4 | K27: =((D27+G27)*E27)/10000 -> 0 | L27: =K27*B27 -> 0
A28: =+A27+1 -> 5 | K28: =((D28+G28)*E28)/10000 -> 0 | L28: =K28*B28 -> 0
B30: =SUM(B24:B29) -> 0 | C30: TOTAL ÁNGULOS PARA LOSA | L30: =SUM(L24:L29) -> 0
B31: =+$L30 -> 0 | C31: TOTAL M²
A33: ESQUINEROS DE MURO (EQM) | I33: MUROS
A34: ITEM | B34: CAN. | C34: DESCRIPCION | D34: ANC1 | E34: ALT1 | F34: ALT2 | G34: ANC2 | H34: OBSERVACIONES
A35: 1 | K35: =((D35+G35)*E35)/10000 -> 0 | L35: =K35*B35 -> 0
A36: =+A35+1 -> 2 | K36: =((D36+G36)*E36)/10000 -> 0 | L36: =K36*B36 -> 0
A37: =+A36+1 -> 3 | K37: =((D37+G37)*E37)/10000 -> 0 | L37: =K37*B37 -> 0
A38: =+A37+1 -> 4 | K38: =((D38+G38)*E38)/10000 -> 0 | L38: =K38*B38 -> 0
A39: =+A38+1 -> 5 | K39: =((D39+G39)*E39)/10000 -> 0 | L39: =K39*B39 -> 0
A40: =+A39+1 -> 6 | K40: =((D40+G40)*E40)/10000 -> 0 | L40: =K40*B40 -> 0
A41: =+A40+1 -> 7 | K41: =((D41+G41)*E41)/10000 -> 0 | L41: =K41*B41 -> 0
A42: =+A41+1 -> 8 | K42: =((D42+G42)*E42)/10000 -> 0 | L42: =K42*B42 -> 0
A43: =+A42+1 -> 9 | K43: =((D43+G43)*E43)/10000 -> 0 | L43: =K43*B43 -> 0
A44: =+A43+1 -> 10 | K44: =((D44+G44)*E44)/10000 -> 0 | L44: =K44*B44 -> 0
A45: =+A44+1 -> 11 | K45: =((D45+G45)*E45)/10000 -> 0 | L45: =K45*B45 -> 0
A46: =+A45+1 -> 12 | K46: =((D46+G46)*E46)/10000 -> 0 | L46: =K46*B46 -> 0
A47: =+A46+1 -> 13 | K47: =((D47+G47)*E47)/10000 -> 0 | L47: =K47*B47 -> 0
... A49: =+A48+1 -> 15 | K49: =((D49+G49)*E49)/10000 -> 0 | L49: =K49*B49 -> 0
B51: =SUM(B35:B50) -> 0 | C51: TOTAL ESQUINEROS DE MURO | L51: =SUM(L35:L50) -> 0
B52: =+$L51 -> 0 | C52: TOTAL M²
A54: ESQUINEROS DE MURO CON TAPA (EQMT/EQMT "L") | I54: LOSA
A55: ITEM | B55: CAN. | C55: DESCRIPCION | D55: ANC1 | E55: ALT1 | F55: ALT2 | G55: ANC2 | H55: OBSERVACIONES
A56: 1 | K56: =((D56+G56)*E56)/10000 -> 0 | L56: =K56*B56 -> 0
A57: =+A56+1 -> 2 | K57: =((D57+G57)*E57)/10000 -> 0 | L57: =K57*B57 -> 0
A58: =+A57+1 -> 3 | K58: =((D58+G58)*E58)/10000 -> 0 | L58: =K58*B58 -> 0
A59: =+A58+1 -> 4 | K59: =((D59+G59)*E59)/10000 -> 0 | L59: =K59*B59 -> 0
A60: =+A59+1 -> 5 | K60: =((D60+G60)*E60)/10000 -> 0 | L60: =K60*B60 -> 0
A61: =+A60+1 -> 6 | K61: =((D61+G61)*E61)/10000 -> 0 | L61: =K61*B61 -> 0
A62: =+A61+1 -> 7 | K62: =((D62+G62)*E62)/10000 -> 0 | L62: =K62*B62 -> 0
A63: =+A62+1 -> 8 | K63: =((D63+G63)*E63)/10000 -> 0 | L63: =K63*B63 -> 0
A64: =+A63+1 -> 9 | K64: =((D64+G64)*E64)/10000 -> 0 | L64: =K64*B64 -> 0
A65: =+A64+1 -> 10 | K65: =((D65+G65)*E65)/10000 -> 0 | L65: =K65*B65 -> 0
A66: =+A65+1 -> 11 | K66: =((D66+G66)*E66)/10000 -> 0 | L66: =K66*B66 -> 0
A67: =+A66+1 -> 12 | K67: =((D67+G67)*E67)/10000 -> 0 | L67: =K67*B67 -> 0
A68: =+A67+1 -> 13 | K68: =((D68+G68)*E68)/10000 -> 0 | L68: =K68*B68 -> 0
... A70: =+A69+1 -> 15 | K70: =((D70+G70)*E70)/10000 -> 0 | L70: =K70*B70 -> 0
B72: =SUM(B56:B71) -> 0 | C72: TOTAL ESQUINEROS MURO C/TAPA | L72: =SUM(L56:L71) -> 0
B73: =+$L72 -> 0 | C73: TOTAL M²
A75: ESQUINEROS DE MURO CON TAPA Y PENDIENTE (EQMT) | I75: CULATAS
A76: ITEM | B76: CAN. | C76: DESCRIPCION | D76: ANC1 | E76: ALT1 | F76: ALT2 | G76: ANC2 | H76: OBSERVACIONES
A77: 1 | K77: =((D77+G77)*((E77+F77)/2))/10000 -> 0 | L77: =K77*B77 -> 0
A78: =+A77+1 -> 2 | K78: =((D78+G78)*((E78+F78)/2))/10000 -> 0 | L78: =K78*B78 -> 0
A79: =+A78+1 -> 3 | K79: =((D79+G79)*((E79+F79)/2))/10000 -> 0 | L79: =K79*B79 -> 0
A80: =+A79+1 -> 4 | K80: =((D80+G80)*((E80+F80)/2))/10000 -> 0 | L80: =K80*B80 -> 0
A81: =+A80+1 -> 5 | K81: =((D81+G81)*((E81+F81)/2))/10000 -> 0 | L81: =K81*B81 -> 0
A82: =+A81+1 -> 6 | K82: =((D82+G82)*((E82+F82)/2))/10000 -> 0 | L82: =K82*B82 -> 0
A83: =+A82+1 -> 7 | K83: =((D83+G83)*((E83+F83)/2))/10000 -> 0 | L83: =K83*B83 -> 0
A84: =+A83+1 -> 8 | K84: =((D84+G84)*((E84+F84)/2))/10000 -> 0 | L84: =K84*B84 -> 0
A85: =+A84+1 -> 9 | K85: =((D85+G85)*((E85+F85)/2))/10000 -> 0 | L85: =K85*B85 -> 0
A86: =+A85+1 -> 10 | K86: =((D86+G86)*((E86+F86)/2))/10000 -> 0 | L86: =K86*B86 -> 0
A87: =+A86+1 -> 11 | K87: =((D87+G87)*((E87+F87)/2))/10000 -> 0 | L87: =K87*B87 -> 0
A88: =+A87+1 -> 12 | K88: =((D88+G88)*((E88+F88)/2))/10000 -> 0 | L88: =K88*B88 -> 0
A89: =+A88+1 -> 13 | K89: =((D89+G89)*((E89+F89)/2))/10000 -> 0 | L89: =K89*B89 -> 0
... A91: =+A90+1 -> 15 | K91: =((D91+G91)*((E91+F91)/2))/10000 -> 0 | L91: =K91*B91 -> 0
B93: =SUM(B77:B92) -> 0 | C93: TOTAL ESQ. DE MURO C/TAPA PENDIENTE | L93: =SUM(L77:L92) -> 0
B94: =+$L93 -> 0 | C94: TOTAL M²
A96: FORMALETAS DE MURO (FM/FMD/FME) | I96: MUROS
A97: ITEM | B97: CAN. | C97: DESCRIPCION | D97: ANC1 | E97: ALT1 | F97: ALT2 | G97: ANC2 | H97: OBSERVACIONES
A98: 1 | K98: =((D98*E98)/10000) -> 0 | L98: =K98*B98 -> 0
A99: =+A98+1 -> 2 | K99: =((D99*E99)/10000) -> 0 | L99: =K99*B99 -> 0
A100: =+A99+1 -> 3 | K100: =((D100*E100)/10000) -> 0 | L100: =K100*B100 -> 0
A101: =+A100+1 -> 4 | K101: =((D101*E101)/10000) -> 0 | L101: =K101*B101 -> 0
A102: =+A101+1 -> 5 | K102: =((D102*E102)/10000) -> 0 | L102: =K102*B102 -> 0
A103: =+A102+1 -> 6 | K103: =((D103*E103)/10000) -> 0 | L103: =K103*B103 -> 0
A104: =+A103+1 -> 7 | K104: =((D104*E104)/10000) -> 0 | L104: =K104*B104 -> 0
A105: =+A104+1 -> 8 | K105: =((D105*E105)/10000) -> 0 | L105: =K105*B105 -> 0
A106: =+A105+1 -> 9 | K106: =((D106*E106)/10000) -> 0 | L106: =K106*B106 -> 0
A107: =+A106+1 -> 10 | K107: =((D107*E107)/10000) -> 0 | L107: =K107*B107 -> 0
A108: =+A107+1 -> 11 | K108: =((D108*E108)/10000) -> 0 | L108: =K108*B108 -> 0
A109: =+A108+1 -> 12 | K109: =((D109*E109)/10000) -> 0 | L109: =K109*B109 -> 0
A110: =+A109+1 -> 13 | K110: =((D110*E110)/10000) -> 0 | L110: =K110*B110 -> 0
... A112: =+A111+1 -> 15 | K112: =((D112*E112)/10000) -> 0 | L112: =K112*B112 -> 0
B114: =SUM(B98:B113) -> 0 | C114: TOTAL FORMALETAS DE MURO | L114: =SUM(L98:L113) -> 0
B115: =+$L114 -> 0 | C115: TOTAL M²
A117: TAPAS (TMV/TMH/TMP) | I117: MUROS
...

Sheet 8. EQ. ADIC. "G"
D1: LISTA DE EMPAQUE PARA ÁREAS | H1: No. | N1: EQUIPO MUROS | P1: EQUIPO LOSA | R1: EQUIPO UNION MURO LOSA | T1: EQUIPO CULATAS
K2: AREA TOTAL | N2: ANGULOS PARA MUROS | O2: =+$B20 -> 0 | P2: ANGULOS PARA LOSA | Q2: =+$B31 -> 0 | R2: EQL | S2: =+$B283 -> 0 | T2: ESQUINEROS EQMT | U2: =+$B94 -> 0
K3: =+$O$9+$Q$9+$S$3+$U$9+$S$9 -> 0 | N3: ESQUINEROS DE MURO | O3: =+$B52 -> 0 | P3: ESQUINEROS DE MURO C/TAPA | Q3: =+$B73 -> 0 | R3: SUBTOTAL | S3: =SUM($S$2) -> 0 | T3: EQL CON PENDIENTE | U3: =+$B304 -> 0
N4: FORMALETAS DE MURO | O4: =+$B115 -> 0 | P4: FORMALETA DE LOSA, FLP (SON 3) | Q4: =+$B157 -> 0 | R4: PRETIL | T4: CULATAS | U4: =+$B325 -> 0
N5: TAPAS, TAPA PUNTAL (SON 3) | O5: =+$B136 -> 0 | P5: CAPS / BORDE DE LOSA | Q5: =+$B178 -> 0 | R5: CAPS PRETIL | S5: =+$B199 -> 0 | T5: CULATAS CUMBRERA | U5: =+$B346 -> 0
A6: CLIENTE: | F6: ELABORADO POR: | R6: CAPS PRETIL C/PENDIENTE | S6: =+$B220 -> 0 | T6: CULATÓN | U6: =+$B367 -> 0
A7: PROYECTO: | F7: FECHA: | R7: EQMP | S7: =+$B241 -> 0 | T7: CULATÓN CUMBRERA | U7: =+$B388 -> 0
A8: REFERENCIA: | C8: 8. EQ. ADIC. "G" | R8: EQMP C/PENDIENTE | S8: =+$B242 -> 0
N9: SUBTOTAL | O9: =SUM($O$2:$O$5) -> 0 | P9: SUBTOTAL | Q9: =SUM($Q$2:$Q$5) -> 0 | R9: SUBTOTAL | S9: =SUM($S$5:$S$8) -> 0 | T9: SUBTOTAL | U9: =SUM($U$2:$U$7) -> 0
A11: ÁNGULOS PARA MUROS (AG) | I11: MUROS
A12: ITEM | B12: CAN. | C12: DESCRIPCION | D12: ANC1 | E12: ALT1 | F12: ALT2 | G12: ANC2 | H12: OBSERVACIONES
A13: 1 | K13: =((D13+G13)*E13)/10000 -> 0 | L13: =K13*B13 -> 0
A14: =+A13+1 -> 2 | K14: =((D14+G14)*E14)/10000 -> 0 | L14: =K14*B14 -> 0
A15: =+A14+1 -> 3 | K15: =((D15+G15)*E15)/10000 -> 0 | L15: =K15*B15 -> 0
A16: =+A15+1 -> 4 | K16: =((D16+G16)*E16)/10000 -> 0 | L16: =K16*B16 -> 0
A17: =+A16+1 -> 5 | K17: =((D17+G17)*E17)/10000 -> 0 | L17: =K17*B17 -> 0
B19: =SUM(B13:B18) -> 0 | C19: TOTAL ÁNGULOS PARA MUROS | L19: =SUM(L13:L18) -> 0
B20: =+$L19 -> 0 | C20: TOTAL M²
A22: ÁNGULOS PARA LOSA (AG) | I22: LOSA
A23: ITEM | B23: CAN. | C23: DESCRIPCION | D23: ANC1 | E23: ALT1 | F23: ALT2 | G23: ANC2 | H23: OBSERVACIONES
A24: 1 | K24: =((D24+G24)*E24)/10000 -> 0 | L24: =K24*B24 -> 0
A25: =+A24+1 -> 2 | K25: =((D25+G25)*E25)/10000 -> 0 | L25: =K25*B25 -> 0
A26: =+A25+1 -> 3 | K26: =((D26+G26)*E26)/10000 -> 0 | L26: =K26*B26 -> 0
A27: =+A26+1 -> 4 | K27: =((D27+G27)*E27)/10000 -> 0 | L27: =K27*B27 -> 0
A28: =+A27+1 -> 5 | K28: =((D28+G28)*E28)/10000 -> 0 | L28: =K28*B28 -> 0
B30: =SUM(B24:B29) -> 0 | C30: TOTAL ÁNGULOS PARA LOSA | L30: =SUM(L24:L29) -> 0
B31: =+$L30 -> 0 | C31: TOTAL M²
A33: ESQUINEROS DE MURO (EQM) | I33: MUROS
A34: ITEM | B34: CAN. | C34: DESCRIPCION | D34: ANC1 | E34: ALT1 | F34: ALT2 | G34: ANC2 | H34: OBSERVACIONES
A35: 1 | K35: =((D35+G35)*E35)/10000 -> 0 | L35: =K35*B35 -> 0
A36: =+A35+1 -> 2 | K36: =((D36+G36)*E36)/10000 -> 0 | L36: =K36*B36 -> 0
A37: =+A36+1 -> 3 | K37: =((D37+G37)*E37)/10000 -> 0 | L37: =K37*B37 -> 0
A38: =+A37+1 -> 4 | K38: =((D38+G38)*E38)/10000 -> 0 | L38: =K38*B38 -> 0
A39: =+A38+1 -> 5 | K39: =((D39+G39)*E39)/10000 -> 0 | L39: =K39*B39 -> 0
A40: =+A39+1 -> 6 | K40: =((D40+G40)*E40)/10000 -> 0 | L40: =K40*B40 -> 0
A41: =+A40+1 -> 7 | K41: =((D41+G41)*E41)/10000 -> 0 | L41: =K41*B41 -> 0
A42: =+A41+1 -> 8 | K42: =((D42+G42)*E42)/10000 -> 0 | L42: =K42*B42 -> 0
A43: =+A42+1 -> 9 | K43: =((D43+G43)*E43)/10000 -> 0 | L43: =K43*B43 -> 0
A44: =+A43+1 -> 10 | K44: =((D44+G44)*E44)/10000 -> 0 | L44: =K44*B44 -> 0
A45: =+A44+1 -> 11 | K45: =((D45+G45)*E45)/10000 -> 0 | L45: =K45*B45 -> 0
A46: =+A45+1 -> 12 | K46: =((D46+G46)*E46)/10000 -> 0 | L46: =K46*B46 -> 0
A47: =+A46+1 -> 13 | K47: =((D47+G47)*E47)/10000 -> 0 | L47: =K47*B47 -> 0
... A49: =+A48+1 -> 15 | K49: =((D49+G49)*E49)/10000 -> 0 | L49: =K49*B49 -> 0
B51: =SUM(B35:B50) -> 0 | C51: TOTAL ESQUINEROS DE MURO | L51: =SUM(L35:L50) -> 0
B52: =+$L51 -> 0 | C52: TOTAL M²
A54: ESQUINEROS DE MURO CON TAPA (EQMT/EQMT "L") | I54: LOSA
A55: ITEM | B55: CAN. | C55: DESCRIPCION | D55: ANC1 | E55: ALT1 | F55: ALT2 | G55: ANC2 | H55: OBSERVACIONES
A56: 1 | K56: =((D56+G56)*E56)/10000 -> 0 | L56: =K56*B56 -> 0
A57: =+A56+1 -> 2 | K57: =((D57+G57)*E57)/10000 -> 0 | L57: =K57*B57 -> 0
A58: =+A57+1 -> 3 | K58: =((D58+G58)*E58)/10000 -> 0 | L58: =K58*B58 -> 0
A59: =+A58+1 -> 4 | K59: =((D59+G59)*E59)/10000 -> 0 | L59: =K59*B59 -> 0
A60: =+A59+1 -> 5 | K60: =((D60+G60)*E60)/10000 -> 0 | L60: =K60*B60 -> 0
A61: =+A60+1 -> 6 | K61: =((D61+G61)*E61)/10000 -> 0 | L61: =K61*B61 -> 0
A62: =+A61+1 -> 7 | K62: =((D62+G62)*E62)/10000 -> 0 | L62: =K62*B62 -> 0
A63: =+A62+1 -> 8 | K63: =((D63+G63)*E63)/10000 -> 0 | L63: =K63*B63 -> 0
A64: =+A63+1 -> 9 | K64: =((D64+G64)*E64)/10000 -> 0 | L64: =K64*B64 -> 0
A65: =+A64+1 -> 10 | K65: =((D65+G65)*E65)/10000 -> 0 | L65: =K65*B65 -> 0
A66: =+A65+1 -> 11 | K66: =((D66+G66)*E66)/10000 -> 0 | L66: =K66*B66 -> 0
A67: =+A66+1 -> 12 | K67: =((D67+G67)*E67)/10000 -> 0 | L67: =K67*B67 -> 0
A68: =+A67+1 -> 13 | K68: =((D68+G68)*E68)/10000 -> 0 | L68: =K68*B68 -> 0
... A70: =+A69+1 -> 15 | K70: =((D70+G70)*E70)/10000 -> 0 | L70: =K70*B70 -> 0
B72: =SUM(B56:B71) -> 0 | C72: TOTAL ESQUINEROS MURO C/TAPA | L72: =SUM(L56:L71) -> 0
B73: =+$L72 -> 0 | C73: TOTAL M²
A75: ESQUINEROS DE MURO CON TAPA Y PENDIENTE (EQMT) | I75: CULATAS
A76: ITEM | B76: CAN. | C76: DESCRIPCION | D76: ANC1 | E76: ALT1 | F76: ALT2 | G76: ANC2 | H76: OBSERVACIONES
A77: 1 | K77: =((D77+G77)*((E77+F77)/2))/10000 -> 0 | L77: =K77*B77 -> 0
A78: =+A77+1 -> 2 | K78: =((D78+G78)*((E78+F78)/2))/10000 -> 0 | L78: =K78*B78 -> 0
A79: =+A78+1 -> 3 | K79: =((D79+G79)*((E79+F79)/2))/10000 -> 0 | L79: =K79*B79 -> 0
A80: =+A79+1 -> 4 | K80: =((D80+G80)*((E80+F80)/2))/10000 -> 0 | L80: =K80*B80 -> 0
A81: =+A80+1 -> 5 | K81: =((D81+G81)*((E81+F81)/2))/10000 -> 0 | L81: =K81*B81 -> 0
A82: =+A81+1 -> 6 | K82: =((D82+G82)*((E82+F82)/2))/10000 -> 0 | L82: =K82*B82 -> 0
A83: =+A82+1 -> 7 | K83: =((D83+G83)*((E83+F83)/2))/10000 -> 0 | L83: =K83*B83 -> 0
A84: =+A83+1 -> 8 | K84: =((D84+G84)*((E84+F84)/2))/10000 -> 0 | L84: =K84*B84 -> 0
A85: =+A84+1 -> 9 | K85: =((D85+G85)*((E85+F85)/2))/10000 -> 0 | L85: =K85*B85 -> 0
A86: =+A85+1 -> 10 | K86: =((D86+G86)*((E86+F86)/2))/10000 -> 0 | L86: =K86*B86 -> 0
A87: =+A86+1 -> 11 | K87: =((D87+G87)*((E87+F87)/2))/10000 -> 0 | L87: =K87*B87 -> 0
A88: =+A87+1 -> 12 | K88: =((D88+G88)*((E88+F88)/2))/10000 -> 0 | L88: =K88*B88 -> 0
A89: =+A88+1 -> 13 | K89: =((D89+G89)*((E89+F89)/2))/10000 -> 0 | L89: =K89*B89 -> 0
... A91: =+A90+1 -> 15 | K91: =((D91+G91)*((E91+F91)/2))/10000 -> 0 | L91: =K91*B91 -> 0
B93: =SUM(B77:B92) -> 0 | C93: TOTAL ESQ. DE MURO C/TAPA PENDIENTE | L93: =SUM(L77:L92) -> 0
B94: =+$L93 -> 0 | C94: TOTAL M²
A96: FORMALETAS DE MURO (FM/FMD/FME) | I96: MUROS
A97: ITEM | B97: CAN. | C97: DESCRIPCION | D97: ANC1 | E97: ALT1 | F97: ALT2 | G97: ANC2 | H97: OBSERVACIONES
A98: 1 | K98: =((D98*E98)/10000) -> 0 | L98: =K98*B98 -> 0
A99: =+A98+1 -> 2 | K99: =((D99*E99)/10000) -> 0 | L99: =K99*B99 -> 0
A100: =+A99+1 -> 3 | K100: =((D100*E100)/10000) -> 0 | L100: =K100*B100 -> 0
A101: =+A100+1 -> 4 | K101: =((D101*E101)/10000) -> 0 | L101: =K101*B101 -> 0
A102: =+A101+1 -> 5 | K102: =((D102*E102)/10000) -> 0 | L102: =K102*B102 -> 0
A103: =+A102+1 -> 6 | K103: =((D103*E103)/10000) -> 0 | L103: =K103*B103 -> 0
A104: =+A103+1 -> 7 | K104: =((D104*E104)/10000) -> 0 | L104: =K104*B104 -> 0
A105: =+A104+1 -> 8 | K105: =((D105*E105)/10000) -> 0 | L105: =K105*B105 -> 0
A106: =+A105+1 -> 9 | K106: =((D106*E106)/10000) -> 0 | L106: =K106*B106 -> 0
A107: =+A106+1 -> 10 | K107: =((D107*E107)/10000) -> 0 | L107: =K107*B107 -> 0
A108: =+A107+1 -> 11 | K108: =((D108*E108)/10000) -> 0 | L108: =K108*B108 -> 0
A109: =+A108+1 -> 12 | K109: =((D109*E109)/10000) -> 0 | L109: =K109*B109 -> 0
A110: =+A109+1 -> 13 | K110: =((D110*E110)/10000) -> 0 | L110: =K110*B110 -> 0
... A112: =+A111+1 -> 15 | K112: =((D112*E112)/10000) -> 0 | L112: =K112*B112 -> 0
B114: =SUM(B98:B113) -> 0 | C114: TOTAL FORMALETAS DE MURO | L114: =SUM(L98:L113) -> 0
B115: =+$L114 -> 0 | C115: TOTAL M²
A117: TAPAS (TMV/TMH/TMP) | I117: MUROS
...

Sheet 9. EQ. ADIC. "H"
D1: LISTA DE EMPAQUE PARA ÁREAS | H1: No. | N1: EQUIPO MUROS | P1: EQUIPO LOSA | R1: EQUIPO UNION MURO LOSA | T1: EQUIPO CULATAS
K2: AREA TOTAL | N2: ANGULOS PARA MUROS | O2: =+$B20 -> 0 | P2: ANGULOS PARA LOSA | Q2: =+$B31 -> 0 | R2: EQL | S2: =+$B283 -> 0 | T2: ESQUINEROS EQMT | U2: =+$B94 -> 0
K3: =+$O$9+$Q$9+$S$3+$U$9+$S$9 -> 0 | N3: ESQUINEROS DE MURO | O3: =+$B52 -> 0 | P3: ESQUINEROS DE MURO C/TAPA | Q3: =+$B73 -> 0 | R3: SUBTOTAL | S3: =SUM($S$2) -> 0 | T3: EQL CON PENDIENTE | U3: =+$B304 -> 0
N4: FORMALETAS DE MURO | O4: =+$B115 -> 0 | P4: FORMALETA DE LOSA, FLP (SON 3) | Q4: =+$B157 -> 0 | R4: PRETIL | T4: CULATAS | U4: =+$B325 -> 0
N5: TAPAS, TAPA PUNTAL (SON 3) | O5: =+$B136 -> 0 | P5: CAPS / BORDE DE LOSA | Q5: =+$B178 -> 0 | R5: CAPS PRETIL | S5: =+$B199 -> 0 | T5: CULATAS CUMBRERA | U5: =+$B346 -> 0
A6: CLIENTE: | F6: ELABORADO POR: | R6: CAPS PRETIL C/PENDIENTE | S6: =+$B220 -> 0 | T6: CULATÓN | U6: =+$B367 -> 0
A7: PROYECTO: | F7: FECHA: | R7: EQMP | S7: =+$B241 -> 0 | T7: CULATÓN CUMBRERA | U7: =+$B388 -> 0
A8: REFERENCIA: | C8: 9. EQ. ADIC. "H" | R8: EQMP C/PENDIENTE | S8: =+$B242 -> 0
N9: SUBTOTAL | O9: =SUM($O$2:$O$5) -> 0 | P9: SUBTOTAL | Q9: =SUM($Q$2:$Q$5) -> 0 | R9: SUBTOTAL | S9: =SUM($S$5:$S$8) -> 0 | T9: SUBTOTAL | U9: =SUM($U$2:$U$7) -> 0
A11: ÁNGULOS PARA MUROS (AG) | I11: MUROS
A12: ITEM | B12: CAN. | C12: DESCRIPCION | D12: ANC1 | E12: ALT1 | F12: ALT2 | G12: ANC2 | H12: OBSERVACIONES
A13: 1 | K13: =((D13+G13)*E13)/10000 -> 0 | L13: =K13*B13 -> 0
A14: =+A13+1 -> 2 | K14: =((D14+G14)*E14)/10000 -> 0 | L14: =K14*B14 -> 0
A15: =+A14+1 -> 3 | K15: =((D15+G15)*E15)/10000 -> 0 | L15: =K15*B15 -> 0
A16: =+A15+1 -> 4 | K16: =((D16+G16)*E16)/10000 -> 0 | L16: =K16*B16 -> 0
A17: =+A16+1 -> 5 | K17: =((D17+G17)*E17)/10000 -> 0 | L17: =K17*B17 -> 0
B19: =SUM(B13:B18) -> 0 | C19: TOTAL ÁNGULOS PARA MUROS | L19: =SUM(L13:L18) -> 0
B20: =+$L19 -> 0 | C20: TOTAL M²
A22: ÁNGULOS PARA LOSA (AG) | I22: LOSA
A23: ITEM | B23: CAN. | C23: DESCRIPCION | D23: ANC1 | E23: ALT1 | F23: ALT2 | G23: ANC2 | H23: OBSERVACIONES
A24: 1 | K24: =((D24+G24)*E24)/10000 -> 0 | L24: =K24*B24 -> 0
A25: =+A24+1 -> 2 | K25: =((D25+G25)*E25)/10000 -> 0 | L25: =K25*B25 -> 0
A26: =+A25+1 -> 3 | K26: =((D26+G26)*E26)/10000 -> 0 | L26: =K26*B26 -> 0
A27: =+A26+1 -> 4 | K27: =((D27+G27)*E27)/10000 -> 0 | L27: =K27*B27 -> 0
A28: =+A27+1 -> 5 | K28: =((D28+G28)*E28)/10000 -> 0 | L28: =K28*B28 -> 0
B30: =SUM(B24:B29) -> 0 | C30: TOTAL ÁNGULOS PARA LOSA | L30: =SUM(L24:L29) -> 0
B31: =+$L30 -> 0 | C31: TOTAL M²
A33: ESQUINEROS DE MURO (EQM) | I33: MUROS
A34: ITEM | B34: CAN. | C34: DESCRIPCION | D34: ANC1 | E34: ALT1 | F34: ALT2 | G34: ANC2 | H34: OBSERVACIONES
A35: 1 | K35: =((D35+G35)*E35)/10000 -> 0 | L35: =K35*B35 -> 0
A36: =+A35+1 -> 2 | K36: =((D36+G36)*E36)/10000 -> 0 | L36: =K36*B36 -> 0
A37: =+A36+1 -> 3 | K37: =((D37+G37)*E37)/10000 -> 0 | L37: =K37*B37 -> 0
A38: =+A37+1 -> 4 | K38: =((D38+G38)*E38)/10000 -> 0 | L38: =K38*B38 -> 0
A39: =+A38+1 -> 5 | K39: =((D39+G39)*E39)/10000 -> 0 | L39: =K39*B39 -> 0
A40: =+A39+1 -> 6 | K40: =((D40+G40)*E40)/10000 -> 0 | L40: =K40*B40 -> 0
A41: =+A40+1 -> 7 | K41: =((D41+G41)*E41)/10000 -> 0 | L41: =K41*B41 -> 0
A42: =+A41+1 -> 8 | K42: =((D42+G42)*E42)/10000 -> 0 | L42: =K42*B42 -> 0
A43: =+A42+1 -> 9 | K43: =((D43+G43)*E43)/10000 -> 0 | L43: =K43*B43 -> 0
A44: =+A43+1 -> 10 | K44: =((D44+G44)*E44)/10000 -> 0 | L44: =K44*B44 -> 0
A45: =+A44+1 -> 11 | K45: =((D45+G45)*E45)/10000 -> 0 | L45: =K45*B45 -> 0
A46: =+A45+1 -> 12 | K46: =((D46+G46)*E46)/10000 -> 0 | L46: =K46*B46 -> 0
A47: =+A46+1 -> 13 | K47: =((D47+G47)*E47)/10000 -> 0 | L47: =K47*B47 -> 0
... A49: =+A48+1 -> 15 | K49: =((D49+G49)*E49)/10000 -> 0 | L49: =K49*B49 -> 0
B51: =SUM(B35:B50) -> 0 | C51: TOTAL ESQUINEROS DE MURO | L51: =SUM(L35:L50) -> 0
B52: =+$L51 -> 0 | C52: TOTAL M²
A54: ESQUINEROS DE MURO CON TAPA (EQMT/EQMT "L") | I54: LOSA
A55: ITEM | B55: CAN. | C55: DESCRIPCION | D55: ANC1 | E55: ALT1 | F55: ALT2 | G55: ANC2 | H55: OBSERVACIONES
A56: 1 | K56: =((D56+G56)*E56)/10000 -> 0 | L56: =K56*B56 -> 0
A57: =+A56+1 -> 2 | K57: =((D57+G57)*E57)/10000 -> 0 | L57: =K57*B57 -> 0
A58: =+A57+1 -> 3 | K58: =((D58+G58)*E58)/10000 -> 0 | L58: =K58*B58 -> 0
A59: =+A58+1 -> 4 | K59: =((D59+G59)*E59)/10000 -> 0 | L59: =K59*B59 -> 0
A60: =+A59+1 -> 5 | K60: =((D60+G60)*E60)/10000 -> 0 | L60: =K60*B60 -> 0
A61: =+A60+1 -> 6 | K61: =((D61+G61)*E61)/10000 -> 0 | L61: =K61*B61 -> 0
A62: =+A61+1 -> 7 | K62: =((D62+G62)*E62)/10000 -> 0 | L62: =K62*B62 -> 0
A63: =+A62+1 -> 8 | K63: =((D63+G63)*E63)/10000 -> 0 | L63: =K63*B63 -> 0
A64: =+A63+1 -> 9 | K64: =((D64+G64)*E64)/10000 -> 0 | L64: =K64*B64 -> 0
A65: =+A64+1 -> 10 | K65: =((D65+G65)*E65)/10000 -> 0 | L65: =K65*B65 -> 0
A66: =+A65+1 -> 11 | K66: =((D66+G66)*E66)/10000 -> 0 | L66: =K66*B66 -> 0
A67: =+A66+1 -> 12 | K67: =((D67+G67)*E67)/10000 -> 0 | L67: =K67*B67 -> 0
A68: =+A67+1 -> 13 | K68: =((D68+G68)*E68)/10000 -> 0 | L68: =K68*B68 -> 0
... A70: =+A69+1 -> 15 | K70: =((D70+G70)*E70)/10000 -> 0 | L70: =K70*B70 -> 0
B72: =SUM(B56:B71) -> 0 | C72: TOTAL ESQUINEROS MURO C/TAPA | L72: =SUM(L56:L71) -> 0
B73: =+$L72 -> 0 | C73: TOTAL M²
A75: ESQUINEROS DE MURO CON TAPA Y PENDIENTE (EQMT) | I75: CULATAS
A76: ITEM | B76: CAN. | C76: DESCRIPCION | D76: ANC1 | E76: ALT1 | F76: ALT2 | G76: ANC2 | H76: OBSERVACIONES
A77: 1 | K77: =((D77+G77)*((E77+F77)/2))/10000 -> 0 | L77: =K77*B77 -> 0
A78: =+A77+1 -> 2 | K78: =((D78+G78)*((E78+F78)/2))/10000 -> 0 | L78: =K78*B78 -> 0
A79: =+A78+1 -> 3 | K79: =((D79+G79)*((E79+F79)/2))/10000 -> 0 | L79: =K79*B79 -> 0
A80: =+A79+1 -> 4 | K80: =((D80+G80)*((E80+F80)/2))/10000 -> 0 | L80: =K80*B80 -> 0
A81: =+A80+1 -> 5 | K81: =((D81+G81)*((E81+F81)/2))/10000 -> 0 | L81: =K81*B81 -> 0
A82: =+A81+1 -> 6 | K82: =((D82+G82)*((E82+F82)/2))/10000 -> 0 | L82: =K82*B82 -> 0
A83: =+A82+1 -> 7 | K83: =((D83+G83)*((E83+F83)/2))/10000 -> 0 | L83: =K83*B83 -> 0
A84: =+A83+1 -> 8 | K84: =((D84+G84)*((E84+F84)/2))/10000 -> 0 | L84: =K84*B84 -> 0
A85: =+A84+1 -> 9 | K85: =((D85+G85)*((E85+F85)/2))/10000 -> 0 | L85: =K85*B85 -> 0
A86: =+A85+1 -> 10 | K86: =((D86+G86)*((E86+F86)/2))/10000 -> 0 | L86: =K86*B86 -> 0
A87: =+A86+1 -> 11 | K87: =((D87+G87)*((E87+F87)/2))/10000 -> 0 | L87: =K87*B87 -> 0
A88: =+A87+1 -> 12 | K88: =((D88+G88)*((E88+F88)/2))/10000 -> 0 | L88: =K88*B88 -> 0
A89: =+A88+1 -> 13 | K89: =((D89+G89)*((E89+F89)/2))/10000 -> 0 | L89: =K89*B89 -> 0
... A91: =+A90+1 -> 15 | K91: =((D91+G91)*((E91+F91)/2))/10000 -> 0 | L91: =K91*B91 -> 0
B93: =SUM(B77:B92) -> 0 | C93: TOTAL ESQ. DE MURO C/TAPA PENDIENTE | L93: =SUM(L77:L92) -> 0
B94: =+$L93 -> 0 | C94: TOTAL M²
A96: FORMALETAS DE MURO (FM/FMD/FME) | I96: MUROS
A97: ITEM | B97: CAN. | C97: DESCRIPCION | D97: ANC1 | E97: ALT1 | F97: ALT2 | G97: ANC2 | H97: OBSERVACIONES
A98: 1 | K98: =((D98*E98)/10000) -> 0 | L98: =K98*B98 -> 0
A99: =+A98+1 -> 2 | K99: =((D99*E99)/10000) -> 0 | L99: =K99*B99 -> 0
A100: =+A99+1 -> 3 | K100: =((D100*E100)/10000) -> 0 | L100: =K100*B100 -> 0
A101: =+A100+1 -> 4 | K101: =((D101*E101)/10000) -> 0 | L101: =K101*B101 -> 0
A102: =+A101+1 -> 5 | K102: =((D102*E102)/10000) -> 0 | L102: =K102*B102 -> 0
A103: =+A102+1 -> 6 | K103: =((D103*E103)/10000) -> 0 | L103: =K103*B103 -> 0
A104: =+A103+1 -> 7 | K104: =((D104*E104)/10000) -> 0 | L104: =K104*B104 -> 0
A105: =+A104+1 -> 8 | K105: =((D105*E105)/10000) -> 0 | L105: =K105*B105 -> 0
A106: =+A105+1 -> 9 | K106: =((D106*E106)/10000) -> 0 | L106: =K106*B106 -> 0
A107: =+A106+1 -> 10 | K107: =((D107*E107)/10000) -> 0 | L107: =K107*B107 -> 0
A108: =+A107+1 -> 11 | K108: =((D108*E108)/10000) -> 0 | L108: =K108*B108 -> 0
A109: =+A108+1 -> 12 | K109: =((D109*E109)/10000) -> 0 | L109: =K109*B109 -> 0
A110: =+A109+1 -> 13 | K110: =((D110*E110)/10000) -> 0 | L110: =K110*B110 -> 0
... A112: =+A111+1 -> 15 | K112: =((D112*E112)/10000) -> 0 | L112: =K112*B112 -> 0
B114: =SUM(B98:B113) -> 0 | C114: TOTAL FORMALETAS DE MURO | L114: =SUM(L98:L113) -> 0
B115: =+$L114 -> 0 | C115: TOTAL M²
A117: TAPAS (TMV/TMH/TMP) | I117: MUROS
...

Sheet 10. EQ. ADIC. "I"
D1: LISTA DE EMPAQUE PARA ÁREAS | H1: No. | N1: EQUIPO MUROS | P1: EQUIPO LOSA | R1: EQUIPO UNION MURO LOSA | T1: EQUIPO CULATAS
K2: AREA TOTAL | N2: ANGULOS PARA MUROS | O2: =+$B20 -> 0 | P2: ANGULOS PARA LOSA | Q2: =+$B31 -> 0 | R2: EQL | S2: =+$B283 -> 0 | T2: ESQUINEROS EQMT | U2: =+$B94 -> 0
K3: =+$O$9+$Q$9+$S$3+$U$9+$S$9 -> 0 | N3: ESQUINEROS DE MURO | O3: =+$B52 -> 0 | P3: ESQUINEROS DE MURO C/TAPA | Q3: =+$B73 -> 0 | R3: SUBTOTAL | S3: =SUM($S$2) -> 0 | T3: EQL CON PENDIENTE | U3: =+$B304 -> 0
N4: FORMALETAS DE MURO | O4: =+$B115 -> 0 | P4: FORMALETA DE LOSA, FLP (SON 3) | Q4: =+$B157 -> 0 | R4: PRETIL | T4: CULATAS | U4: =+$B325 -> 0
N5: TAPAS, TAPA PUNTAL (SON 3) | O5: =+$B136 -> 0 | P5: CAPS / BORDE DE LOSA | Q5: =+$B178 -> 0 | R5: CAPS PRETIL | S5: =+$B199 -> 0 | T5: CULATAS CUMBRERA | U5: =+$B346 -> 0
A6: CLIENTE: | F6: ELABORADO POR: | R6: CAPS PRETIL C/PENDIENTE | S6: =+$B220 -> 0 | T6: CULATÓN | U6: =+$B367 -> 0
A7: PROYECTO: | F7: FECHA: | R7: EQMP | S7: =+$B241 -> 0 | T7: CULATÓN CUMBRERA | U7: =+$B388 -> 0
A8: REFERENCIA: | C8: 10. EQ. ADIC. "I" | R8: EQMP C/PENDIENTE | S8: =+$B242 -> 0
N9: SUBTOTAL | O9: =SUM($O$2:$O$5) -> 0 | P9: SUBTOTAL | Q9: =SUM($Q$2:$Q$5) -> 0 | R9: SUBTOTAL | S9: =SUM($S$5:$S$8) -> 0 | T9: SUBTOTAL | U9: =SUM($U$2:$U$7) -> 0
A11: ÁNGULOS PARA MUROS (AG) | I11: MUROS
A12: ITEM | B12: CAN. | C12: DESCRIPCION | D12: ANC1 | E12: ALT1 | F12: ALT2 | G12: ANC2 | H12: OBSERVACIONES
A13: 1 | K13: =((D13+G13)*E13)/10000 -> 0 | L13: =K13*B13 -> 0
A14: =+A13+1 -> 2 | K14: =((D14+G14)*E14)/10000 -> 0 | L14: =K14*B14 -> 0
A15: =+A14+1 -> 3 | K15: =((D15+G15)*E15)/10000 -> 0 | L15: =K15*B15 -> 0
A16: =+A15+1 -> 4 | K16: =((D16+G16)*E16)/10000 -> 0 | L16: =K16*B16 -> 0
A17: =+A16+1 -> 5 | K17: =((D17+G17)*E17)/10000 -> 0 | L17: =K17*B17 -> 0
B19: =SUM(B13:B18) -> 0 | C19: TOTAL ÁNGULOS PARA MUROS | L19: =SUM(L13:L18) -> 0
B20: =+$L19 -> 0 | C20: TOTAL M²
A22: ÁNGULOS PARA LOSA (AG) | I22: LOSA
A23: ITEM | B23: CAN. | C23: DESCRIPCION | D23: ANC1 | E23: ALT1 | F23: ALT2 | G23: ANC2 | H23: OBSERVACIONES
A24: 1 | K24: =((D24+G24)*E24)/10000 -> 0 | L24: =K24*B24 -> 0
A25: =+A24+1 -> 2 | K25: =((D25+G25)*E25)/10000 -> 0 | L25: =K25*B25 -> 0
A26: =+A25+1 -> 3 | K26: =((D26+G26)*E26)/10000 -> 0 | L26: =K26*B26 -> 0
A27: =+A26+1 -> 4 | K27: =((D27+G27)*E27)/10000 -> 0 | L27: =K27*B27 -> 0
A28: =+A27+1 -> 5 | K28: =((D28+G28)*E28)/10000 -> 0 | L28: =K28*B28 -> 0
B30: =SUM(B24:B29) -> 0 | C30: TOTAL ÁNGULOS PARA LOSA | L30: =SUM(L24:L29) -> 0
B31: =+$L30 -> 0 | C31: TOTAL M²
A33: ESQUINEROS DE MURO (EQM) | I33: MUROS
A34: ITEM | B34: CAN. | C34: DESCRIPCION | D34: ANC1 | E34: ALT1 | F34: ALT2 | G34: ANC2 | H34: OBSERVACIONES
A35: 1 | K35: =((D35+G35)*E35)/10000 -> 0 | L35: =K35*B35 -> 0
A36: =+A35+1 -> 2 | K36: =((D36+G36)*E36)/10000 -> 0 | L36: =K36*B36 -> 0
A37: =+A36+1 -> 3 | K37: =((D37+G37)*E37)/10000 -> 0 | L37: =K37*B37 -> 0
A38: =+A37+1 -> 4 | K38: =((D38+G38)*E38)/10000 -> 0 | L38: =K38*B38 -> 0
A39: =+A38+1 -> 5 | K39: =((D39+G39)*E39)/10000 -> 0 | L39: =K39*B39 -> 0
A40: =+A39+1 -> 6 | K40: =((D40+G40)*E40)/10000 -> 0 | L40: =K40*B40 -> 0
A41: =+A40+1 -> 7 | K41: =((D41+G41)*E41)/10000 -> 0 | L41: =K41*B41 -> 0
A42: =+A41+1 -> 8 | K42: =((D42+G42)*E42)/10000 -> 0 | L42: =K42*B42 -> 0
A43: =+A42+1 -> 9 | K43: =((D43+G43)*E43)/10000 -> 0 | L43: =K43*B43 -> 0
A44: =+A43+1 -> 10 | K44: =((D44+G44)*E44)/10000 -> 0 | L44: =K44*B44 -> 0
A45: =+A44+1 -> 11 | K45: =((D45+G45)*E45)/10000 -> 0 | L45: =K45*B45 -> 0
A46: =+A45+1 -> 12 | K46: =((D46+G46)*E46)/10000 -> 0 | L46: =K46*B46 -> 0
A47: =+A46+1 -> 13 | K47: =((D47+G47)*E47)/10000 -> 0 | L47: =K47*B47 -> 0
... A49: =+A48+1 -> 15 | K49: =((D49+G49)*E49)/10000 -> 0 | L49: =K49*B49 -> 0
B51: =SUM(B35:B50) -> 0 | C51: TOTAL ESQUINEROS DE MURO | L51: =SUM(L35:L50) -> 0
B52: =+$L51 -> 0 | C52: TOTAL M²
A54: ESQUINEROS DE MURO CON TAPA (EQMT/EQMT "L") | I54: LOSA
A55: ITEM | B55: CAN. | C55: DESCRIPCION | D55: ANC1 | E55: ALT1 | F55: ALT2 | G55: ANC2 | H55: OBSERVACIONES
A56: 1 | K56: =((D56+G56)*E56)/10000 -> 0 | L56: =K56*B56 -> 0
A57: =+A56+1 -> 2 | K57: =((D57+G57)*E57)/10000 -> 0 | L57: =K57*B57 -> 0
A58: =+A57+1 -> 3 | K58: =((D58+G58)*E58)/10000 -> 0 | L58: =K58*B58 -> 0
A59: =+A58+1 -> 4 | K59: =((D59+G59)*E59)/10000 -> 0 | L59: =K59*B59 -> 0
A60: =+A59+1 -> 5 | K60: =((D60+G60)*E60)/10000 -> 0 | L60: =K60*B60 -> 0
A61: =+A60+1 -> 6 | K61: =((D61+G61)*E61)/10000 -> 0 | L61: =K61*B61 -> 0
A62: =+A61+1 -> 7 | K62: =((D62+G62)*E62)/10000 -> 0 | L62: =K62*B62 -> 0
A63: =+A62+1 -> 8 | K63: =((D63+G63)*E63)/10000 -> 0 | L63: =K63*B63 -> 0
A64: =+A63+1 -> 9 | K64: =((D64+G64)*E64)/10000 -> 0 | L64: =K64*B64 -> 0
A65: =+A64+1 -> 10 | K65: =((D65+G65)*E65)/10000 -> 0 | L65: =K65*B65 -> 0
A66: =+A65+1 -> 11 | K66: =((D66+G66)*E66)/10000 -> 0 | L66: =K66*B66 -> 0
A67: =+A66+1 -> 12 | K67: =((D67+G67)*E67)/10000 -> 0 | L67: =K67*B67 -> 0
A68: =+A67+1 -> 13 | K68: =((D68+G68)*E68)/10000 -> 0 | L68: =K68*B68 -> 0
... A70: =+A69+1 -> 15 | K70: =((D70+G70)*E70)/10000 -> 0 | L70: =K70*B70 -> 0
B72: =SUM(B56:B71) -> 0 | C72: TOTAL ESQUINEROS MURO C/TAPA | L72: =SUM(L56:L71) -> 0
B73: =+$L72 -> 0 | C73: TOTAL M²
A75: ESQUINEROS DE MURO CON TAPA Y PENDIENTE (EQMT) | I75: CULATAS
A76: ITEM | B76: CAN. | C76: DESCRIPCION | D76: ANC1 | E76: ALT1 | F76: ALT2 | G76: ANC2 | H76: OBSERVACIONES
A77: 1 | K77: =((D77+G77)*((E77+F77)/2))/10000 -> 0 | L77: =K77*B77 -> 0
A78: =+A77+1 -> 2 | K78: =((D78+G78)*((E78+F78)/2))/10000 -> 0 | L78: =K78*B78 -> 0
A79: =+A78+1 -> 3 | K79: =((D79+G79)*((E79+F79)/2))/10000 -> 0 | L79: =K79*B79 -> 0
A80: =+A79+1 -> 4 | K80: =((D80+G80)*((E80+F80)/2))/10000 -> 0 | L80: =K80*B80 -> 0
A81: =+A80+1 -> 5 | K81: =((D81+G81)*((E81+F81)/2))/10000 -> 0 | L81: =K81*B81 -> 0
A82: =+A81+1 -> 6 | K82: =((D82+G82)*((E82+F82)/2))/10000 -> 0 | L82: =K82*B82 -> 0
A83: =+A82+1 -> 7 | K83: =((D83+G83)*((E83+F83)/2))/10000 -> 0 | L83: =K83*B83 -> 0
A84: =+A83+1 -> 8 | K84: =((D84+G84)*((E84+F84)/2))/10000 -> 0 | L84: =K84*B84 -> 0
A85: =+A84+1 -> 9 | K85: =((D85+G85)*((E85+F85)/2))/10000 -> 0 | L85: =K85*B85 -> 0
A86: =+A85+1 -> 10 | K86: =((D86+G86)*((E86+F86)/2))/10000 -> 0 | L86: =K86*B86 -> 0
A87: =+A86+1 -> 11 | K87: =((D87+G87)*((E87+F87)/2))/10000 -> 0 | L87: =K87*B87 -> 0
A88: =+A87+1 -> 12 | K88: =((D88+G88)*((E88+F88)/2))/10000 -> 0 | L88: =K88*B88 -> 0
A89: =+A88+1 -> 13 | K89: =((D89+G89)*((E89+F89)/2))/10000 -> 0 | L89: =K89*B89 -> 0
... A91: =+A90+1 -> 15 | K91: =((D91+G91)*((E91+F91)/2))/10000 -> 0 | L91: =K91*B91 -> 0
B93: =SUM(B77:B92) -> 0 | C93: TOTAL ESQ. DE MURO C/TAPA PENDIENTE | L93: =SUM(L77:L92) -> 0
B94: =+$L93 -> 0 | C94: TOTAL M²
A96: FORMALETAS DE MURO (FM/FMD/FME) | I96: MUROS
A97: ITEM | B97: CAN. | C97: DESCRIPCION | D97: ANC1 | E97: ALT1 | F97: ALT2 | G97: ANC2 | H97: OBSERVACIONES
A98: 1 | K98: =((D98*E98)/10000) -> 0 | L98: =K98*B98 -> 0
A99: =+A98+1 -> 2 | K99: =((D99*E99)/10000) -> 0 | L99: =K99*B99 -> 0
A100: =+A99+1 -> 3 | K100: =((D100*E100)/10000) -> 0 | L100: =K100*B100 -> 0
A101: =+A100+1 -> 4 | K101: =((D101*E101)/10000) -> 0 | L101: =K101*B101 -> 0
A102: =+A101+1 -> 5 | K102: =((D102*E102)/10000) -> 0 | L102: =K102*B102 -> 0
A103: =+A102+1 -> 6 | K103: =((D103*E103)/10000) -> 0 | L103: =K103*B103 -> 0
A104: =+A103+1 -> 7 | K104: =((D104*E104)/10000) -> 0 | L104: =K104*B104 -> 0
A105: =+A104+1 -> 8 | K105: =((D105*E105)/10000) -> 0 | L105: =K105*B105 -> 0
A106: =+A105+1 -> 9 | K106: =((D106*E106)/10000) -> 0 | L106: =K106*B106 -> 0
A107: =+A106+1 -> 10 | K107: =((D107*E107)/10000) -> 0 | L107: =K107*B107 -> 0
A108: =+A107+1 -> 11 | K108: =((D108*E108)/10000) -> 0 | L108: =K108*B108 -> 0
A109: =+A108+1 -> 12 | K109: =((D109*E109)/10000) -> 0 | L109: =K109*B109 -> 0
A110: =+A109+1 -> 13 | K110: =((D110*E110)/10000) -> 0 | L110: =K110*B110 -> 0
... A112: =+A111+1 -> 15 | K112: =((D112*E112)/10000) -> 0 | L112: =K112*B112 -> 0
B114: =SUM(B98:B113) -> 0 | C114: TOTAL FORMALETAS DE MURO | L114: =SUM(L98:L113) -> 0
B115: =+$L114 -> 0 | C115: TOTAL M²
A117: TAPAS (TMV/TMH/TMP) | I117: MUROS
...
